OTU,Kingdom,Phylum,Class,Order,Family,Genus,CV18weight,IR18weight,Perkinsus,Peacrab,CV18density,CV18diversity,CVcore,Ircore,AMcore,MBcore
GACGAACCGTACAAACGTTACTCGGAATTACTGGGCTTAAAGGGTGCGTAGGCTGCGCGGAAAGTTGGGTGTGAAAGCCCTCGGCTCAACCGAGGAATTGCATCCAAAACTACCGTGCTGGAGGGAGACAGAGGTAAGCGGAACTCAAGGTGGAGCGGTGAAATGCGTTGATATCTTGAGGAACACCGGTGGCGAAAGCGGCTTACTGGGTCTCTTCTGACGCTGAGGCACGAAAGCTAAGGTAGCAAACGGG,Bacteria, Planctomycetota ,Planctomycetes ,Pirellulales, Pirellulacea,,,,,,,,,,Yes,Yes
TACAGAGGGGGCAAGCGTTATTCGGAATTATTGGGCGTAAAGGGCGCGTAGGCGGTGTTTTAAGTGAGATGTGCAATCCCCGAGCTCAACTTGGGAACTGCATCTCAGACTGGGACGCTAGAGTGCTGGAGAGGGTGGTGGAATTCCACGTGTAGCGGTGAAATGCGTAGAGATGTGGAGGAACACCAGTGGCGAAGGCGGCCACCTGGACAGTAACTGACGCTGAGGCGCGAAAGTGTGGGGAGCAAACAGG,Bacteria,Acidobacteriota,Holophagae,Holophagales,Holophagaceae,,,,,,,,,,,
TACGGAGGATGCAAGTGTTATCCGGATTTATTGGGTTTAAAGGGTGCGTAGGTGGTCTGGTAAGTCAGAGGTGAAAGACGGTGGCTCAACCATCGCAGTGCCCTTGATACTATTGGACTAGATTACATTGGAAGTAGGCGGAATGTGCGGTGTAGCGGTGAAATGCGCAGATATCGCACGGAACACCAATAGCGAAAGCAGCTTACTATACTGTTAATGACACTGAGGCACGAAAGCGTGGGTAGCAAATAGG,Bacteria,Bacteroidota,Bacteroidia,,,,,,,,,,,,,
TACGGAGGATCCAAGCGTTATCCGGATTTATTGGGTTTAAAGGGTGCGTAGGTGGCTGTATAAGTCAGTAGTGAAATCTCGGAGCTCAACTCCGAACGTGCTATTGAAACTGTATAGCTTGAATTCAGACGAGGCAGGCGGAATGTGTAATGTAGCGGTGAAATGCATAGATATTACACAGAACACCGATAGCGAAGGCAGCTTGCCAGACTGCGATTGACACTAATGCACGAAAGCGTGGGTAGCGAACAGG,Bacteria,Bacteroidota,Bacteroidia,Bacteroidales,Marinifilaceae,,,,,,,,,,,
TACGGAGGGTGTAAGCGTTATCCGGATTTATTGGGTTTAAAGGGTACGTAGGCGGTAATATAAGTCAGTGGTGAAATCCTGCAGCTCAACTGTAGAACTGCCATTGAAACTGTATTACTTGAGTATACTTGAGGTAGGCGGAATGAGTAGTGTAGCGGTGAAATGCTTAGATATTACTCAGAACACCGATTGCGAAGGCAGCTTACTAAGGTATAACTGACGCTGATGTACGAAAGCGTGGGGAGCGAACAGG,Bacteria,Bacteroidota,Bacteroidia,Bacteroidales,Prolixibacteraceae,Roseimarinus,,,,,,,,,,
TACGGAGGGTGCAAGCGTTGTCCGGATTTATTGGGTTTAAAGGGTACGTAGGCGGCTAATTAAGTCAGAGGTGAAAAGCGAGAGCTCAACTTTCGTCTTGCCTCTGATACTGCTTAGCTTGAGTACTAAGAAGGTAGGCGGAATTGATGGTGTAGCGGTGAAATGCATAGATACCATCAGGAACACCGATTGCGAAGGCAGCTTACTGTAAAGTAACTGACGCTGATGTACGAAAGCATGGGTAGCGAACAGG,Bacteria,Bacteroidota,Bacteroidia,Cytophagales,,,,,,,,,,,,
TACGGAGGATCCAAGCGTTATCCGGAATCATTGGGTTTAAAGGGTCCGTAGGTGGAAGATTAAGTCAGAGGTGAAATCCTGCAGCTCAACTGTAGAATTGCCTTTGATACTGGTTTTCTTGAATCATTATGAAGTAGTTAGAATATGTAGTGTAGCGGTGAAATGCATAGATATTACATAGAATACCAATTGCGAAGGCAGATTACTAATAATGTATTGACACTGATGGACGAAAGCGTGGGGAGCGAACAGG,Bacteria,Bacteroidota,Bacteroidia,Flavobacteriales,Flavobacteriaceae,,,,,,,,,,,
TACGGAGGGTGCAAGCGTTACTCGGAATCACTGGGCGTAAAGAGCGTGTAGGCGGGATAATAAGTCAGATGTGAAAGCCAATGGCTCAACCATTGAACTGCATTTGAAACTGTTAACCTAGAATATGGGAGAGGTAGATGGAATTTCTGGTGTAGGGGTAAAATCCGTAGAGATCAGAAGGAATACCGATTGCGAAGGCGATCTACTGGAACATAATTGACGCTGAGACGCGAAAGCGTGGGGAGCAAACAGG,Bacteria,Campilobacterota,Campylobacteria,Campylobacterales,Arcobacteraceae,Halarcobacter,,,,,,,,,,
TACGGAGGGTGCAAGCGTTACTCGGAATCACTGGGCGTAAAGAGCGTGTAGGCGGGTTATTAAGTCAGAAGTGAAATCCTATGGCTCAACCATAGAACTGCTTTTGAAACTGGTAACCTAGAGTATGGGAGAGGTAGATGGAATTTCTGGTGTAGGGGTAAAATCCGTAGAGATCAGAAGGAATACCGATTGCGAAGGCGATCTACTGGAACATTACTGACGCTGAGACGCGAAAGCGTGGGGAGCAAACAGG,Bacteria,Campilobacterota,Campylobacteria,Campylobacterales,Arcobacteraceae,Halarcobacter,,,,,,,,,,
TACGGAGGGTGCAAGCGTTACTCGGAATCACTGGGCGTAAAGAGCGTGTAGGCGGGTTTGTAAGTTTGAAGTGAAATCCAATGGCTCAACCATTGAACTGCTTTGAAAACTGCTTACCTAGAATATGGGAGAGGTAGATGGAATTTCTGGTGTAGGGGTAAAATCCGTAGAGATCAGAAGGAATACCGATTGCGAAGGCGATCTACTGGAACATTATTGACGCTGAGACGCGAAAGCGTGGGGAGCAAACAGG,Bacteria,Campilobacterota,Campylobacteria,Campylobacterales,Arcobacteraceae,Poseidonibacter,,,,,,,,,,
TACGGGAGTGGCAAGCGTTATCCGGAATTATTGGGCGTAAAGCGTCCGCAGGCGGCCTTTTAAGTCTGTTGTTAAAGCGTGGAGCTTAACTCCATTTCAGCAATGGAAACTGGAAGGCTTGAGTGTGGTAGGGGCAGAGGGAATTCCCGGTGTAGCGGTGAAATGCGTAGATATCGGGAAGAACACCAGTGGCGAAGGCGCTCTGCTGGGCCATAACTGACGCTCATGGACGAAAGCCAGGGGAGCGAAAGGG,Bacteria,Cyanobacteria,Cyanobacteriia,Synechococcales,Cyanobiaceae,Cyanobium PCC-6307,,,,,,,,,Yes,
TACGGGAGTGGCAAGCGTTATCCGGAATTATTGGGCGTAAAGCGTCCGCAGGCGGTCTTGTAAGTCTGTTGTTAAAGCGTGGAGCTTAACTCCATTTCAGCAATGGAAACTGTAAGACTAGAGTGTGGTAGGGGCAGAGGGAATTCCCGGTGTAGCGGTGAAATGCGTAGATATCGGGAAGAACACCAGTGGCGAAGGCGCTCTGCTGGGCCATAACTGACGCTCATGGACGAAAGCCAGGGGAGCGAAAGGG,Bacteria,Cyanobacteria,Cyanobacteriia,Synechococcales,Cyanobiaceae,Cyanobium PCC-6307,,,,,,,,,Yes,
TACGGAGGGTGCAAACGTTGTTCGGAATTATTGGGCGTAAAGAGCATGTAGGCGGTCTGTCAAGTCTGATGTGAAAGCCCGGGGCTCAACCCCGGAAGTGCATTGGAAACTGGCAGACTTGAGTACGGGAGAGGAAAGTGGAATTTCGAGTGTAGGGGTGAAATCCGTAGATATTCGAAGGAACACCAGTGGCGAAGGCGGCTTTCTGGACCGATACTGACGCTGAGATGCGAAAGCGTGGGGAGCAAACAGG,Bacteria,Desulfobacterota,Desulfuromodia,Sva1033,,,,,,,,,,,,
TACGGAGGGTGCAAGCGTTGTTCGGAATCATTGGGCGTAAAGAGCGTGTAGGCGGTCAGGTAAGTCAGATGTGAAAGCCCTGGGCTCAACCCAGGAAGTGCATTTGAAACTACCTAACTTGAGTACGGGAGAGGAAGGGGGAATTCCCGGTGTAGAGGTGAAATTCGTAGATATCGGGAGGAATACCGGTGGCGAAGGCGCCCTTCTGGACTGATACTGACGCTGAGACGCGAAAGCGTGGGGAGCAAACAGG,Bacteria,Desulfobacterota,Syntrophobacteria,Syntrophobacterales,,,,,,,,,,,,
TACGTAGGTCCCAAGCGTTATCCGGAATTATTGGGCGTAAAGGGTCCGTAGACGGTTTATTAAGTCTGATGTGAAAGCCACCGGCTCAACCGGTGAAACGCATTAGATACTGGTAAACTAGAGTATGTTAGAGGATAGTGGAATTCCATGTGTAGCGGTGAAATGCGTAGATATATGGAGGAACACCAGTGGCGAAGGCGGCTATCTGGGACATTACTGACGTTGAGGGACGAAAGCGTGGGGAGCGAACAGG,Bacteria,Firmicutes,Bacilli,Mycoplasmatales,Mycoplasmataceae,,,,,,-4.815568,,,,,
TACATAGGGTGCAAGCGTTATCCGGAATTATTGGGCGTAAAGCGTGCGTAGGCGGTTTACTAAGTCTGAAGTTAAAGCCTGGGGCTCAACCCCAGCCCGCTTTGGATACTGGTAGACTAGAGTTATATAGAGGTTAGCGGAACTCCATGTGAAGCGGTGGAATGCGTAGATATATGGAAGAACACCAAGAGCGAAGGCAGCTAACTGGATATACACTGACGCTGAGGCACGAAAGCGTGGGGAGCAAACAGG,Bacteria,Firmicutes,Bacilli,Mycoplasmatales,Mycoplasmataceae,Mycoplasma,,,,,,,,,,
TACATAGGGTGCAAGCGTTATCCGGAATTATTGGGCGTAAAGCGTTCGTAGGCGGTTTATTAAGTCTGAAGTTAAAGCCTGGGGCTCAACCCCAGCCCGCTTCGGATACTGGTAGACTAGAGTTATAGAGAGGTTAGTGGAACTCCATGTGAAGCGGTGGAATGCGTAGATATATGGAAGAACACCAATGGCGAAGGCAACTAACTGGCTATACACTGACGCTGAGGAACGAAAGCGTGGGGAGCAAACAGG,Bacteria,Firmicutes,Bacilli,Mycoplasmatales,Mycoplasmataceae,Mycoplasma,,,,,,,,,,
TACATAGGGTGCAAGCGTTATCCGGAATTATTGGGCGTAAAGCGTTCGTAGGCGGTTTATTAAGTCTGAAGTTAAAGCTCGGTGCTCAACACCGACCCGCTTTGGATACTGATAGACTAGAGTTATATAGAGGTTAGCGGAACTCCATGTGAAGCGGTGGAATGCGTAGATATATGGAAGAACACCAATGGCGAAGGCAGCTAACTGGATATACACTGACGCTGAGGAACGAAAGCGTGGGGAGCAAACAGG,Bacteria,Firmicutes,Bacilli,Mycoplasmatales,Mycoplasmataceae,Mycoplasma,,,,,,,,,,
TACATAGGGTGCAAGCGTTATCCGGAATTATTGGGCGTAAAGCGTTCGTAGGTGGTCAAGAAAGTCTGAAGTTAAAGCTCGGGGCTCAACCCCGACCCGCTTTGGAAACTACTTGACTAGAGTCATGAAGAGGTTAGCGGAACTCCATGTGAAGCGGTGGAATGCGTAGATATATGGAAGAACACCAATGGCGAAGGCAGCTAACTGGGAATGAACTGACACTGAGGGACGAAAGCGTGGGGAGCAAACAGG,Bacteria,Firmicutes,Bacilli,Mycoplasmatales,Mycoplasmataceae,Mycoplasma,,,,,,,,,,
TACATAGGGTGCAAGCGTTATCCGGAATTATTGGGCGTAAAGCGTTCGTAGGTTGTCTAGTAAGTCTGAAGTTAAAGCCCGGGGCTCAACCCCGGCCCGCTTTGGAAACTACTAGACTAGAGTCGTGAAGAGGTAAATGGAACTCCATGTGAAGCGGTGGAATGCGTAGATATATGGAAGAACACCAATGGCGAAGGCAATTTACTGGTAACGAACTGACACTGAGGAACGAAAGCGTGGGGAGCAAACAGG,Bacteria,Firmicutes,Bacilli,Mycoplasmatales,Mycoplasmataceae,Mycoplasma,,,,,,,,,,
TACGTATGTCGCAAGCGTTATCCGGAATTATTGGGCGTAAAGCGAGTCTAGGCGGCTTGTTAAGTCAGATGTGAAAATGCGGGGCTCAACTCCGTATTGCGTTTGAAACTGGCAGGCTAGAGTACTGGAGAGGTGGGCGGAACTACAAGTGTAGAGGTGAAATTCGTAGATATTTGTAGGAATGCCGATAGTGAAGACAGCTCACTGGACAGATACTGACGCTAAAGCTCGAAAGCGTGGGGAGCGAACAGG,Bacteria,Fusobacteriota,Fusobacteriia,Fusobacteriales,Fusobacteriaceae,Psychrilyobacter,,,,,,,,,,
TACGTATGTCGCAAGCGTTATCCGGAATTATTGGGCGTAAAGCGAGTCTAGGCGGTTTGTTAAGTCAGATGTGAAAATGCGGGGCTCAACTCCGTATGGCCTTTGATACTGGCAAACTAGAGTACTGGAGAGGTGGGCGGAACTACAAGTGTAGAGGTGAAATTCGTAGATATTTGTAGGAATGCCGATAGTGAAGACAGCTCACTGGACAGATACTGACGCTAAAGCTCGAAAGCGTGGGGAGCAAACAGG,Bacteria,Fusobacteriota,Fusobacteriia,Fusobacteriales,Fusobacteriaceae,Psychrilyobacter,,,,,,,,,,
TACGTAGGGGGCTAGCGTTATCCGGATTTATTGGGCATAAAGGGTATGTAGGTGGTATTTTAAGTCAGGTGTTAAATACTGTGGCTCAACCATAGTACGCGCTTGAAACTGATTTACTAGAGGACAAGAGAGGGAAGCGGAACTCACGGTGTAGCGGTGAAATGCGTAGATATCGTGGGGAACACCAGTTGCGAAGGCGGCTTCCTGGCTTGGTCCTGACACTGATGTACGAAAGCATGGGGAGCGAACGGG,Bacteria,Margulisbacteria,,,,,,,,,,,,,,
GACGAACCGTACAAACGTTACTCGGAATTACTGGGCTTAAAGGGTGCGTAGGCTGCGCGGAAAGTTGGGTGTGAAAGCCCTCGGCTCAACCGAGGAATTGCATCCAAAACTGCCGTGCTCGAGGGAGACAGGGGTGAGCGGAACTCAAGGTGGAGCGGTGAAATGCGTTGATATCTTGAGGAACACCGGTGGCGAAAGCGGCTCACTGGGTCTCTTCTGACGCTGAGGCACGAAAGCTAAGGTAGCAAACGGG,Bacteria,Phylum_Planctomycetota,Class_Planctomycetes,Order_Pirellulales,Family_Pirellulaceae,Family_Pirellulaceae,,16.9404,,,,,,,,
GACGAACCGTACGAACGTTATTCGGAATTACTGGGCTTAAAGGGTGCGTAGGCTGCGCGGAAAGTTGGGTGTGAAAGCCCTCAGCTCAACTGAGGAATTGCATCCAAAACTGCCGTGCTAGAGGGAGACAGAGGTGAGCGGAACTCAAGGTGGAGCGGTGAAATGCGTTGATATCTTGAGGAACACCGGTGGCGAAAGCGGCTCACTGGGTCTCTTCTGACGCTGAGGCACGAAAGCTAAGGTAGCAAACGGG,Bacteria,Phylum_Planctomycetota,Class_Planctomycetes,Order_Pirellulales,Family_Pirellulaceae,Family_Pirellulaceae,,18.1239,,,,,,,,
TACGGAGGGTGCAAGCGTTAATCGGAATTACTGGGCGTAAAGCGCGCGTAGGCGGATACTTAAGTCGGATGTGAAAGCCCCGGGCTCAACCTGGGAATTGCATTCGATACTGAGTATCTGGAGTATAGTAGAGGGGGGTGGAATTTCCGGTGTAGCGGTGAAATGCGTAGAGATCGGAAGGAACATCAGTGGCGAAGGCGGCCCCCTGGACTAATACTGACGCTGAGGTGCGAAAGCGTGGGGAGCAAACAGG,Bacteria,Phylum_Proteobacteria,Class_Gammaproteobacteria,Class_Gammaproteobacteria,Class_Gammaproteobacteria,Class_Gammaproteobacteria,,16.06353,,,,,,,,
GACGAACCAAGCGAACGTTATTCGGAATTACTGGGCTTAAAGCGCGTGTAGGCGGATTGCCACGTCGGCTGTTGAAATCCCCCGGCTCAACCGGGGAACAGGCACCGATACGAGTGATCTTGAGGTGGGTAGGGGAGACTGGAACTTCCGGTGGAGCGGTGAAATGCGTTGAGATCGGAAGGAACGCCCGCGGCGAAAGCGAGTCTCTGGCCCCATACTGACGCTGAGACGCGAAAGCCAGGGGAGCAAACGGG,Bacteria,Planctomycetota,Planctomycetes,Isosphaerales,Isosphaeraceae,,,,,,,,,,,
TACGAAGGGGGCAAGCGTTGTTCGGAATTACTGGGCGTAAAGAGTACGTAGGCGGTTAGATTAGTTAGGTGTGAAATCCCGGAGCTCAACTTCGGAGTTGCACTTAATACTGTTTAACTAGAATTCAAGAGGGGAGAGTGGAATTTCCAGTGTAGGGGTGATATCCGTAGATATTGGAAGGAACATCAGAGGCGAAGGCGACTCTCTGGCTTGACATTGACGCTGAGGTACGAAAGCGTGGGTAGCAAACAGG,Bacteria,Proteobacteria,Alphaproteobacteria,,,,,,,,,,,,,
TACGAAGGGGGCTAGCGTTGTTCGGAATTACTGGGCGTAAAGGGTACGTAGGCGGTTTAACCAGTCAGATGTGAAATCCCAGGGCTCAACCTTGGAACTGCATTTGATACTGTTAGACTAGAATCCGAGAGGGGACAGTGGAATTTCCAGTGTAGAGGTGACATCCGTAGATATTGGAAGGAACACCAGAGGCGAAGGCGACTGTCTGGATCGGTATTGACGCTGAGGTACGAAAGTGTGGGTAGCAAACAGG,Bacteria,Proteobacteria,Alphaproteobacteria,,,,,,,,,,,,,
TACGAAGGGGGCTAGCGTTGCTCGGAATGACTGGGCGTAAAGGGCGCGTAGGCGGCATACACAGTCAGATGTGAAATTCCTGGGCTCAACCTGGGGACTGCATTTGATACGTGTGAGCTAGAGTGGAGAAGAGGGTTGTGGAATTTCCAGTGTAGAGGTGAAATTCGTAGATATTGGAAAGAACACCGGTGGCGAAGGCGGCAACCTGGTCTTTAACTGACGCTGAGGCGCGAAAGCGTGGGGAGCAAACAGG,Bacteria,Proteobacteria,Alphaproteobacteria,Acetobacterales,Acetobacteraceae,Acidocella,,,,,,,,,,
TACGAAGGGACCTAGCGTAGTTCGGAATTACTGGGCTTAAAGAGTTCGTAGGTGGTTAAAAAAGTTGATGGTGAAATCCCAAGGCTCAACCTTGGAACTGCCATCAAAACTTTTTAGCTAGAGTGTGATAGAGGAAAGTGGAATTTCTAGTGTAGAGGTGAAATTCGTAGATATTAGAAAGAACATCAAAAGCGAAGGCAACTTTCTGGATCATTACTGACACTGAGGAACGAAAGCATGGGTAGCGAAGAGG,Bacteria,Proteobacteria,Alphaproteobacteria,SAR11 clade,,,,,,,,,,,,
TACGAAGGGACCTAGCGTAGTTCGGAATTACTGGGCTTAAAGAGTTCGTAGGTGGTTGAAAAAGTTAGTGGTGAAATCCCAGAGCTTAACTCTGGAACTGCCATTAAAACTTTTCAGCTAGAGTATGATAGAGGAAAGCAGAATTTCTAGTGTAGAGGTGAAATTCGTAGATATTAGAAAGAATACCAATTGCGAAGGCAGCTTTCTGGATCATTACTGACACTGAGGAACGAAAGCATGGGTAGCGAAGAGG,Bacteria,Proteobacteria,Alphaproteobacteria,SAR11 clade,Clade I,Clade Ia,,,,,,,,,,
TACGGAGGGGGCTAGCGTTGTTCGGAATTACTGGGCGTAAAGCGCGCGTAGGCGGCTGTCCAAGTCAGGGGTGAAAGCCCGCGGCTCAACCGCGGAACTGCCCTTGAAACTGGACGGCTTGAACACGGGAGAGGTGAGTGGAATTCCGAGTGTAGAGGTGAAATTCGTAGATATTCGGAAGAACACCAGTGGCGAAGGCGACTCACTGGACCGTAGTTGACGCTGAGGCGCGAAAGCGTGGGGAGCGAACAGG,Bacteria,Proteobacteria,Alphaproteobacteria,Sphingomodales,Sphingomodaceae,Sphingoaurantiacus,,,,,,,,,,
TACGGAGGGTGCAAGCGTTAATCGGAATTACTGGGCGTAAAGCGTGCGTAGGCGGCTACTTAAGTGGGATGTGAAAGCCCCGGGCTCAACCTGGGAACTGCATCCCAAACTGGGTAGCTAGAGTACGGCAGAGGAGTGTGGAATTTCCTGTGTAGCGGTGAAATGCGTAGATATAGGAAGGAACACCAGTGGCGAAGGCGACACTCTGGGCTGATACTGACGCTGAGGTACGAAAGCGTGGGGAGCAAACAGG,Bacteria,Proteobacteria,Gammaproteobacteria,Oceanospirillales,Endozoicomodaceae,Endozoicomas,,,,,,,,,,
TACGGAGGGTGCAAGCGTTAATCGGAATTACTGGGCGTAAAGCGTGCGTAGGCGGCAATCTAAGTGGGATGTGAAAGCCCCGGGCTTAACCTGGGAACTGCATCCCAAACTGGGTAGCTAGAGTACGGCAGAGGAGTGTGGAATTTCCTGTGTAGCGGTGAAATGCGTAGATATAGGAAGGAACACCAGTGGCGAAGGCGACACTCTGGGCTGATACTGACGCTGAGGTACGAAAGCGTGGGGAGCAAACAGG,Bacteria,Proteobacteria,Gammaproteobacteria,Oceanospirillales,Endozoicomodaceae,Endozoicomos,,,,,,,,,,
TACGGAGGGTGCAAGCGTTAATCGGAATTACTGGGCGTAAAGCGTGCGTAGGCGGCCTTTTAAGTTGGATGTGAAAGCCCCGGGCTCAACCTGGGAACGGCATCCAAAACTGAGAGGCTAGAGTGCGGAAGAGGAGTGTGGAATTTCCTGTGTAGCGGTGAAATGCGTAGATATAGGAAGGAACACCAGTGGCGAAGGCGACACTCTGGTCTGACACTGACGCTGAGGTACGAAAGCGTGGGGAGCAAACAGG,Bacteria,Proteobacteria,Gammaproteobacteria,Oceanospirillales,Endozoicomodaceae,Endozoicomos,,,,,,,,,,
TACAGAGGGTGCGAGCGTTAATCGGATTTACTGGGCGTAAAGCGTGCGTAGGCGGCCATTTAAGTCAAATGTGAAATCCCCGAGCTTAACTTGGGAATTGCATTCGATACTGGATGGCTAGAGTATGGGAGAGGATGGTAGAATTCCAGGTGTAGCGGTGAAATGCGTAGAGATCTGGAGGAATACCGATGGCGAAGGCAGCCATCTGGCCTAATACTGACGCTGAGGTACGAAAGCATGGGGAGCAAACAGG,Bacteria,Proteobacteria,Gammaproteobacteria,Pseudomodales,Moraxellaceae,Acinetobacter,,,,,,,,,,
TACAGAGGGTGCAAGCGTTAATCGGAATTACTGGGCGTAAAGCGCGCGTAGGTGGTTCGTTAAGTTGGATGTGAAATCCCCGGGCTCAACCTGGGAACTGCATTCAAAACTGACGAGCTAGAGTATGGTAGAGGGTGGTGGAATTTCCTGTGTAGCGGTGAAATGCGTAGATATAGGAAGGAACACCAGTGGCGAAGGCGACCACCTGGACTGATACTGACACTGAGGTGCGAAAGCGTGGGGAGCAAACAGG,Bacteria,Proteobacteria,Gammaproteobacteria,Pseudomodales,Pseudomodaceae,Pseudomos,,,,,,,,,,
TACGGAGGGTGCGAGCGTTAATCGGAATTACTGGGCGTAAAGCGCATGCAGGTGGTTTGTTAAGTCAGATGTGAAAGCCCGGGGCTCAACCTCGGAATTGCATTTGAAACTGGCAGACTAGAGTACTGTAGAGGGGGGTAGAATTTCAGGTGTAGCGGTGAAATGCGTAGAGATCTGAAGGAATACCGGTGGCGAAGGCGGCCCCCTGGACAGATACTGACACTCAGATGCGAAAGCGTGGGGAGCAAACAGG,Bacteria,Proteobacteria,Gammaproteobacteria,Vibrioles,Vibrioceae,Vibrio,,,,,,,,,,
TACGTAGGGGGCGAACGTTGTTCGGAATCACTGGGCGTAAAGGGTGCGCAGGCTGCTCATCAAGTCAGTTGTGAAATTTCGTGGCTCAACCACGAAGCTGCTGCTGATACTGTTGGGCTAGAGTCATAGATAGAGGTAGCGGGAATTCCTGGTGTAGGAGTGAAATCTGTAGATATCAGGAGGAACACCAAGGGTGAAGACAAGCTACTGGGTAATGACTGACGCTGAGGCACGAAAGCTAGGGGAGCAAATGGG,Bacteria,Spirochaetota,Spirochaetia,Spirochaetales,Spirochaetaceae,,,,,,,,Yes,,Yes,Yes
TACGTATGGGGCAAACGTTGTTCGGATTCACTGGGCGTAAAGAGTACGTAGGCTGTCGAGACAGTCAATGATCAAATCCCGTAGCTTAACTACGTGGTCGTTGTTGATACTACTCGACTAGAGTTTTATAGAGGTAGCGGGAATTCCTGGTGTAGGGGTGAAATCTGTTGATATCAGGAGGAACACCAAAGGCGAAGGCAAGCTACTGGGTAAAAACTGACGCTGAGGTACGAAAGCCAGGGGAGCAAATGGG,Bacteria,Spirochaetota,Spirochaetia,Spirochaetales,Spirochaetaceae,,,,,,2.136387,2.262024,,Yes,,
TACGAAGGGGGCTAGCGTTGTTCGGAATTACTGGGCGTAAAGGGCGTCTAGGTGGTTTTGTTAGTTGGATGTGAAAGCCCTCGGCTCAACCGAGGAATTGCATCCAAAACTGCATTACTAGAGTGTGAAAGGGGAAGGCGGAATTCCAAGTGTAGCGGTGAAATGCGTAGATATTTGGAGGAACACCGGTGGCGAAGGCGGCCTTCTGGTTCAACACTGACACTAAAGCGCGAAGGCTAGGGGAGCGAACAGG,Bacteria,Verrucomicrobiota,Omnitrophia,,,,,,,,,,,,,
GACGGAGGGGGCTAGCGTTGTTCGGAATTACTGGGCGTAAAGGGCGCGTAGGCGGATTAGTAAGTTGGGAGTGAAAGCCCGGGGCTTAACCTCGGAACTGCTTTCAAAACTGCTAGTCTTGAGTGAAGTAGGGGATGATGGAATTCCTAGTGTAGAGGTGAAATTCTTAGATATTAGGAGGAACACCGGTGGCGAAGGCGGTCATCTGGACTTCAACTGACGCTGAGGCGCGAAAGCGTGGGGAGCAAACAGG,Bacteria ,Proteobacteria ,Alphaproteobacteria, Rickettsiales ,Rickettsiaceae, Candidatus Megaira,,,,,,,,,Yes,
TACGTAGGGTGCAAGCGTTGTCCGGATTTATTGGGCGTAAAGAGCTCGTAGGCGGTCTGTTACGTCGGTTGTGAAAACTCGGGGCTTAACCCCGAGCCTGCATCCGATACGGGCAGACTTGAGTGTGGTAGGGGAGACTGGAATTCCTGGTGTAGCGGTGAAATGCGCAGATATCAGGAGGAACACCGATGGCGAAGGCAGGTCTCTGGGCCACAACTGACGCTGAGGAGCGAAAGCGTGGGGAGCAAACAGG,Kingdom_Bacteria,Phylum_Actinobacteriota,Class_Actinobacteria,Order_PeM15,Order_PeM15,Order_PeM15,2.946786,,,,,,,,,
TACGTAGGGTGCAAGCGTTGTCCGGATTTATTGGGCGTAAAGAGCTCGTAGGCGGTTAGTCACGTCGGATGTGAAAACCCAGTGCTTAACACTGGGCCTGCATTCGATACGGGCTGACTAGAGTGTTGTAGGGGAGACTGGAACTCCTGGTGTAGCGGTGAAATGCGCAGATATCAGGAAGAACACCGGTGGCGAAGGCGGGTCTCTGGGCAACTACTGACGCTGAGGAGCGAAAGCGTGGGGAGCAAACAGG,Kingdom_Bacteria,Phylum_Actinobacteriota,Class_Actinobacteria,Order_PeM15,Order_PeM15,Order_PeM15,3.837589,,,,,,,,,
TACGTAGGGTGCAAGCGTTGTCCGGATTTATTGGGCGTAAAGAGCTCGTAGGCGGTTTGTCACGTCGGGTGTGAAAATCCGGGGCTTAACCCCGGACCTGCATCCGATACGGGCAGACTTGAGTGTGGTAGGGGAGACTGGAATTCCTGGTGTAGCGGTGAAATGCGCAGATATCAGGAGGAACACCGATGGCGAAGGCAGGTCTCTGGGCCACAACTGACGCTGAGGAGCGAAAGCGTGGGGAGCAAACAGG,Kingdom_Bacteria,Phylum_Actinobacteriota,Class_Actinobacteria,Order_PeM15,Order_PeM15,Order_PeM15,3.620787,,,,,,,,,
TACGGAGGATCCAAGCGTTATCCGGATTTATTGGGTTTAAAGGGTGCGTAGGTGGCTGTATAAGTCAGTAGTGAAATCTCGGAGCTCAACTCCGAACGTGCTATTGAAACTGTATAGCTTGAATTCAGACGAGGCAGGCGGAATGTGTAATGTAGCGGTGAAATGCATAGATATTACACAGAACACCGATAGCGAAGGCAGCTTGCCAGACTGCGATTGACACTAATGCACGAAAGCGTGGGTAGCGAACAGG,Kingdom_Bacteria,Phylum_Bacteroidota,Class_Bacteroidia,Order_Bacteroidales,Family_Marinifilaceae,Family_Marinifilaceae,,,,-29.513566,,,,,,
TACGGAGGGTGTAAGCGTTATCCGGATTTATTGGGTTTAAAGGGTACGTAGGCGGTAATATAAGTCAGTGGTGAAATCCTGCAGCTCAACTGTAGAACTGCCATTGAAACTGTATTACTTGAGTATACTTGAGGTAGGCGGAATGAGTAGTGTAGCGGTGAAATGCTTAGATATTACTCAGAACACCGATTGCGAAGGCAGCTTACTAAGGTATAACTGACGCTGATGTACGAAAGCGTGGGGAGCGAACAGG,Kingdom_Bacteria,Phylum_Bacteroidota,Class_Bacteroidia,Order_Bacteroidales,Family_Prolixibacteraceae,Genus_Roseimarinus,,,,-27.003321,,,,,,
TACGGAGGGTGCAAGCGTTACTCGGAATCACTGGGCGTAAAGAGCGTGTAGGCGGGATAATAAGTCAGATGTGAAAGCCAATGGCTCAACCATTGAACTGCATTTGAAACTGTTAACCTAGAATATGGGAGAGGTAGATGGAATTTCTGGTGTAGGGGTAAAATCCGTAGAGATCAGAAGGAATACCGATTGCGAAGGCGATCTACTGGAACATAATTGACGCTGAGACGCGAAAGCGTGGGGAGCAAACAGG,Kingdom_Bacteria,Phylum_Campilobacterota,Class_Campylobacteria,Order_Campylobacterales,Family_Arcobacteraceae,Genus_Halarcobacter,,,,-25.714828,,,,,,
TACGGAGGGTGCAAGCGTTACTCGGAATCACTGGGCGTAAAGAGCGTGTAGGCGGGTTATTAAGTCAGAAGTGAAATCCTATGGCTCAACCATAGAACTGCTTTTGAAACTGGTAACCTAGAGTATGGGAGAGGTAGATGGAATTTCTGGTGTAGGGGTAAAATCCGTAGAGATCAGAAGGAATACCGATTGCGAAGGCGATCTACTGGAACATTACTGACGCTGAGACGCGAAAGCGTGGGGAGCAAACAGG,Kingdom_Bacteria,Phylum_Campilobacterota,Class_Campylobacteria,Order_Campylobacterales,Family_Arcobacteraceae,Genus_Halarcobacter,,,,-29.095264,,,,,,
TACGGAGGGTGCAAGCGTTACTCGGAATCACTGGGCGTAAAGAGCGTGTAGGCGGGTTTGTAAGTTTGAAGTGAAATCCAATGGCTCAACCATTGAACTGCTTTGAAAACTGCTTACCTAGAATATGGGAGAGGTAGATGGAATTTCTGGTGTAGGGGTAAAATCCGTAGAGATCAGAAGGAATACCGATTGCGAAGGCGATCTACTGGAACATTATTGACGCTGAGACGCGAAAGCGTGGGGAGCAAACAGG,Kingdom_Bacteria,Phylum_Campilobacterota,Class_Campylobacteria,Order_Campylobacterales,Family_Arcobacteraceae,Genus_Poseidonibacter,,,-3.173758,,,,,,,
TACGGGAGTGGCAAGCGTTATCCGGAATTATTGGGCGTAAAGCGTCCGCAGGCGGTCTTGTAAGTCTGTTGTTAAAGCGTGGAGCTTAACTCCATTTCAGCAATGGAAACTGTAAGACTAGAGTGTGGTAGGGGCAGAGGGAATTCCCGGTGTAGCGGTGAAATGCGTAGATATCGGGAAGAACACCAGTGGCGAAGGCGCTCTGCTGGGCCATAACTGACGCTCATGGACGAAAGCCAGGGGAGCGAAAGGG,Kingdom_Bacteria,Phylum_Cyanobacteria,Class_Cyanobacteriia,Order_Synechococcales,Family_Cyanobiaceae,Genus_Cyanobium PCC-6307,3.252102,,,,,,,,,
TACGGGAGTGGCAAGCGTTATCCGGAATTATTGGGCGTAAAGCGTCCGCAGGCGGTCTTTTAAGTCTGCTGTTAAAGCGTGGAGCTTAACTCCATTTCGGCAGTGGAAACTGGAAGACTAGAGTGTGGTAGGGGCAGAGGGAATTCCCGGTGTAGCGGTGAAATGCGTAGATATCGGGAAGAACACCAGTGGCGAAGGCGCTCTGCTGGGCCATAACTGACGCTCATGGACGAAAGCCAGGGGAGCGAAAGGG,Kingdom_Bacteria,Phylum_Cyanobacteria,Class_Cyanobacteriia,Order_Synechococcales,Family_Cyanobiaceae,Genus_Cyanobium PCC-6307,4.915774,,,,,,,,,
TACGGAGGGTGCAAACGTTGTTCGGAATTATTGGGCGTAAAGAGCATGTAGGCGGTCTGTCAAGTCTGATGTGAAAGCCCGGGGCTCAACCCCGGAAGTGCATTGGAAACTGGCAGACTTGAGTACGGGAGAGGAAAGTGGAATTTCGAGTGTAGGGGTGAAATCCGTAGATATTCGAAGGAACACCAGTGGCGAAGGCGGCTTTCTGGACCGATACTGACGCTGAGATGCGAAAGCGTGGGGAGCAAACAGG,Kingdom_Bacteria,Phylum_Desulfobacterota,Class_Desulfuromodia,Order_Sva1033,Order_Sva1033,Order_Sva1033,,,,-23.311146,,,,,,
TACATAGGGTGCAAGCGTTATCCGGAATTATTGGGCGTAAAGCGTGCGTAGGCGGTTTACTAAGTCTGAAGTTAAAGCCTGGGGCTCAACCCCAGCCCGCTTTGGATACTGGTAGACTAGAGTTATATAGAGGTTAGCGGAACTCCATGTGAAGCGGTGGAATGCGTAGATATATGGAAGAACACCAAGAGCGAAGGCAGCTAACTGGATATACACTGACGCTGAGGCACGAAAGCGTGGGGAGCAAACAGG,Kingdom_Bacteria,Phylum_Firmicutes,Class_Bacilli,Order_Mycoplasmatales,Family_Mycoplasmataceae,Genus_Mycoplasma,,,-4.528226,-30,,,,,,
TACATAGGGTGCAAGCGTTATCCGGAATTATTGGGCGTAAAGCGTTCGTAGGCGGTTTATTAAGTCTGAAGTTAAAGCCTGGGGCTCAACCCCAGCCCGCTTCGGATACTGGTAGACTAGAGTTATAGAGAGGTTAGTGGAACTCCATGTGAAGCGGTGGAATGCGTAGATATATGGAAGAACACCAATGGCGAAGGCAACTAACTGGCTATACACTGACGCTGAGGAACGAAAGCGTGGGGAGCAAACAGG,Kingdom_Bacteria,Phylum_Firmicutes,Class_Bacilli,Order_Mycoplasmatales,Family_Mycoplasmataceae,Genus_Mycoplasma,,,,-26.478474,,,,,,
TACATAGGGTGCAAGCGTTATCCGGAATTATTGGGCGTAAAGCGTTCGTAGGCGGTTTATTAAGTCTGAAGTTAAAGCTCGGTGCTCAACACCGACCCGCTTTGGATACTGATAGACTAGAGTTATATAGAGGTTAGCGGAACTCCATGTGAAGCGGTGGAATGCGTAGATATATGGAAGAACACCAATGGCGAAGGCAGCTAACTGGATATACACTGACGCTGAGGAACGAAAGCGTGGGGAGCAAACAGG,Kingdom_Bacteria,Phylum_Firmicutes,Class_Bacilli,Order_Mycoplasmatales,Family_Mycoplasmataceae,Genus_Mycoplasma,,,-2.514923,-6.172436,,,,,,
TACATAGGGTGCAAGCGTTATCCGGAATTATTGGGCGTAAAGCGTTCGTAGGTGGTCAAGAAAGTCTGAAGTTAAAGCTCGGGGCTCAACCCCGACCCGCTTTGGAAACTACTTGACTAGAGTCATGAAGAGGTTAGCGGAACTCCATGTGAAGCGGTGGAATGCGTAGATATATGGAAGAACACCAATGGCGAAGGCAGCTAACTGGGAATGAACTGACACTGAGGGACGAAAGCGTGGGGAGCAAACAGG,Kingdom_Bacteria,Phylum_Firmicutes,Class_Bacilli,Order_Mycoplasmatales,Family_Mycoplasmataceae,Genus_Mycoplasma,,,-2.596581,-8.104194,,,,,,
TACGTATGTCGCAAGCGTTATCCGGAATTATTGGGCGTAAAGCGAGTCTAGGCGGCTTGTTAAGTCAGATGTGAAAATGCGGGGCTCAACTCCGTATTGCGTTTGAAACTGGCAGGCTAGAGTACTGGAGAGGTGGGCGGAACTACAAGTGTAGAGGTGAAATTCGTAGATATTTGTAGGAATGCCGATAGTGAAGACAGCTCACTGGACAGATACTGACGCTAAAGCTCGAAAGCGTGGGGAGCGAACAGG,Kingdom_Bacteria,Phylum_Fusobacteriota,Class_Fusobacteriia,Order_Fusobacteriales,Family_Fusobacteriaceae,Genus_Psychrilyobacter,,,,-25.706532,,,,,,
TACGTATGTCGCAAGCGTTATCCGGAATTATTGGGCGTAAAGCGAGTCTAGGCGGTTTGTTAAGTCAGATGTGAAAATGCGGGGCTCAACTCCGTATGGCCTTTGATACTGGCAAACTAGAGTACTGGAGAGGTGGGCGGAACTACAAGTGTAGAGGTGAAATTCGTAGATATTTGTAGGAATGCCGATAGTGAAGACAGCTCACTGGACAGATACTGACGCTAAAGCTCGAAAGCGTGGGGAGCAAACAGG,Kingdom_Bacteria,Phylum_Fusobacteriota,Class_Fusobacteriia,Order_Fusobacteriales,Family_Fusobacteriaceae,Genus_Psychrilyobacter,,,,-8.396823,,,,,,
TACGTAGGGGGCTAGCGTTATCCGGATTTATTGGGCATAAAGGGTATGTAGGTGGTATTTTAAGTCAGGTGTTAAATACTGTGGCTCAACCATAGTACGCGCTTGAAACTGATTTACTAGAGGACAAGAGAGGGAAGCGGAACTCACGGTGTAGCGGTGAAATGCGTAGATATCGTGGGGAACACCAGTTGCGAAGGCGGCTTCCTGGCTTGGTCCTGACACTGATGTACGAAAGCATGGGGAGCGAACGGG,Kingdom_Bacteria,Phylum_Margulisbacteria,Phylum_Margulisbacteria,Phylum_Margulisbacteria,Phylum_Margulisbacteria,Phylum_Margulisbacteria,,,,-24.462396,,,,,,
TACAGAGGGCTCGAGCGTTAATCGGAATCACTGGGCTTAAAGCGTGCGTAGGCGGGCGTGTAAGCATCTTGTGAAAGCCCCCGGCTCAACCGGGGAATTGCTTGGTGAACTGCACGTCTTGAGGCAAGTAGAGGTGGTCGGAACGATAGGTGGAGCGGTGAAATGCGTAGATATCTATCGGAACGCCAACGGAGAAGTCAGGCCACTGGGCTTGTTCTGACGCTGAGGCACGAAAGCGTGGGTAGCGAACGGG,Kingdom_Bacteria,Phylum_Planctomycetota,Class_Phycisphaerae,Order_Phycisphaerales,Family_Phycisphaeraceae,Genus_CL500-3,4.11357,,,,,,,,,
TACGAAGGGGGCAAGCGTTGTTCGGAATTACTGGGCGTAAAGAGTACGTAGGCGGTTAGATTAGTTAGGTGTGAAATCCCGGAGCTCAACTTCGGAGTTGCACTTAATACTGTTTAACTAGAATTCAAGAGGGGAGAGTGGAATTTCCAGTGTAGGGGTGATATCCGTAGATATTGGAAGGAACATCAGAGGCGAAGGCGACTCTCTGGCTTGACATTGACGCTGAGGTACGAAAGCGTGGGTAGCAAACAGG,Kingdom_Bacteria,Phylum_Proteobacteria,Class_Alphaproteobacteria,Class_Alphaproteobacteria,Class_Alphaproteobacteria,Class_Alphaproteobacteria,,,-2.916907,,,,,,,
TACGAAGGGGGCTAGCGTTGTTCGGAATTACTGGGCGTAAAGGGTACGTAGGCGGTTTAACCAGTCAGATGTGAAATCCCAGGGCTCAACCTTGGAACTGCATTTGATACTGTTAGACTAGAATCCGAGAGGGGACAGTGGAATTTCCAGTGTAGAGGTGACATCCGTAGATATTGGAAGGAACACCAGAGGCGAAGGCGACTGTCTGGATCGGTATTGACGCTGAGGTACGAAAGTGTGGGTAGCAAACAGG,Kingdom_Bacteria,Phylum_Proteobacteria,Class_Alphaproteobacteria,Class_Alphaproteobacteria,Class_Alphaproteobacteria,Class_Alphaproteobacteria,,,-3.065908,,,,,,,
TACGGAGGGGGCTAGCGTTGTTCGGAATTACTGGGCGTAAAGCGCGCGTAGGCGGATTATTAAGTCAGAGGTGAAAGCCCAGGGCTCAACCTTGGAATTGCCTTTGATACTATTAGTCTAGAGTCCGGGAGAGGTGAGTGGAATTCCTAGTGTAGAGGTGAAATTCGTAGATATTAGGAAGAACACCAGTGGCGAAGGCGGCTCACTGGCCCGGTACTGACGCTGAGGTGCGAAAGCGTGGGGAGCAAACAGG,Kingdom_Bacteria,Phylum_Proteobacteria,Class_Alphaproteobacteria,Class_Alphaproteobacteria,Class_Alphaproteobacteria,Class_Alphaproteobacteria,7.827792,,,,,,,,,
TACGAAGGGGGCTAGCGTTGCTCGGAATGACTGGGCGTAAAGGGCGCGTAGGCGGCATACACAGTCAGATGTGAAATTCCTGGGCTCAACCTGGGGACTGCATTTGATACGTGTGAGCTAGAGTGGAGAAGAGGGTTGTGGAATTTCCAGTGTAGAGGTGAAATTCGTAGATATTGGAAAGAACACCGGTGGCGAAGGCGGCAACCTGGTCTTTAACTGACGCTGAGGCGCGAAAGCGTGGGGAGCAAACAGG,Kingdom_Bacteria,Phylum_Proteobacteria,Class_Alphaproteobacteria,Order_Acetobacterales,Family_Acetobacteraceae,Genus_Acidocella,5.850448,,,,,,,,,
TACGAAGGGACCTAGCGTAGTTCGGAATTACTGGGCTTAAAGAGTTCGTAGGTGGTTGAAAAAGTTAGTGGTGAAATCCCAGAGCTTAACTCTGGAACTGCCATTAAAACTTTTCAGCTAGAGTATGATAGAGGAAAGCAGAATTTCTAGTGTAGAGGTGAAATTCGTAGATATTAGAAAGAATACCAATTGCGAAGGCAGCTTTCTGGATCATTACTGACACTGAGGAACGAAAGCATGGGTAGCGAAGAGG,Kingdom_Bacteria,Phylum_Proteobacteria,Class_Alphaproteobacteria,Order_SAR11 clade,Family_Clade I,Genus_Clade Ia,,,,-24.051848,,,,,,
TACGGAGGGGGCTAGCGTTGTTCGGAATTACTGGGCGTAAAGCGCGCGTAGGCGGCTGTCCAAGTCAGGGGTGAAAGCCCGCGGCTCAACCGCGGAACTGCCCTTGAAACTGGACGGCTTGAACACGGGAGAGGTGAGTGGAATTCCGAGTGTAGAGGTGAAATTCGTAGATATTCGGAAGAACACCAGTGGCGAAGGCGACTCACTGGACCGTAGTTGACGCTGAGGCGCGAAAGCGTGGGGAGCGAACAGG,Kingdom_Bacteria,Phylum_Proteobacteria,Class_Alphaproteobacteria,Order_Sphingomodales,Family_Sphingomodaceae,Genus_Sphingoaurantiacus,5.40189,,,,,,,,,
TACGTAGGGTGCGAGCGTTAATCGGAATTACTGGGCGTAAAGCGTGCGCAGGCGGTTGTGTAAGACAGGTGTGAAATCCCCGGGCTTAACCTGGGAACTGCGCTTGTGACTGCACAGCTAGAGTACGGCAGAGGGGGGTGGAATTCCACGTGTAGCAGTGAAATGCGTAGAGATGTGGAGGAACACCGATGGCGAAGGCAGCCCCCTGGGCCTGTACTGACGCTCATGCACGAAAGCGTGGGGAGCAAACAGG,Kingdom_Bacteria,Phylum_Proteobacteria,Class_Gammaproteobacteria,Order_Burkholderiales,Family_Rhodocyclaceae,Genus_Denitromos,6.621332,,,,,,,,,
TACGGAGGGTGCAAGCGTTAATCGGAATTACTGGGCGTAAAGCGTGCGTAGGCGGCAATCTAAGTGGGATGTGAAAGCCCCGGGCTTAACCTGGGAACTGCATCCCAAACTGGGTAGCTAGAGTACGGCAGAGGAGTGTGGAATTTCCTGTGTAGCGGTGAAATGCGTAGATATAGGAAGGAACACCAGTGGCGAAGGCGACACTCTGGGCTGATACTGACGCTGAGGTACGAAAGCGTGGGGAGCAAACAGG,Kingdom_Bacteria,Phylum_Proteobacteria,Class_Gammaproteobacteria,Order_Oceanospirillales,Family_Endozoicomodaceae,Genus_Endozoicomos,,,,-6.658167,,,,,,
TACGGAGGGTGCAAGCGTTAATCGGAATTACTGGGCGTAAAGCGTGCGTAGGCGGCCTTTTAAGTTGGATGTGAAAGCCCCGGGCTCAACCTGGGAACGGCATCCAAAACTGAGAGGCTAGAGTGCGGAAGAGGAGTGTGGAATTTCCTGTGTAGCGGTGAAATGCGTAGATATAGGAAGGAACACCAGTGGCGAAGGCGACACTCTGGTCTGACACTGACGCTGAGGTACGAAAGCGTGGGGAGCAAACAGG,Kingdom_Bacteria,Phylum_Proteobacteria,Class_Gammaproteobacteria,Order_Oceanospirillales,Family_Endozoicomodaceae,Genus_Endozoicomos,,,,-25.542024,,,,,,
TACGGAGGGTGCAAGCGTTAATCGGAATTACTGGGCGTAAAGCGTGCGTAGGCGGCTACTTAAGTGGGATGTGAAAGCCCCGGGCTCAACCTGGGAACTGCATCCCAAACTGGGTAGCTAGAGTACGGCAGAGGAGTGTGGAATTTCCTGTGTAGCGGTGAAATGCGTAGATATAGGAAGGAACACCAGTGGCGAAGGCGACACTCTGGGCTGATACTGACGCTGAGGTACGAAAGCGTGGGGAGCAAACAGG,Kingdom_Bacteria,Phylum_Proteobacteria,Class_Gammaproteobacteria,Order_Oceanospirillales,Family_Endozoicomodaceae,Genus_Endozoicomos,,,-2.804894,-28.477324,,,,,,
TACAGAGGGTGCGAGCGTTAATCGGATTTACTGGGCGTAAAGCGTGCGTAGGCGGCCATTTAAGTCAAATGTGAAATCCCCGAGCTTAACTTGGGAATTGCATTCGATACTGGATGGCTAGAGTATGGGAGAGGATGGTAGAATTCCAGGTGTAGCGGTGAAATGCGTAGAGATCTGGAGGAATACCGATGGCGAAGGCAGCCATCTGGCCTAATACTGACGCTGAGGTACGAAAGCATGGGGAGCAAACAGG,Kingdom_Bacteria,Phylum_Proteobacteria,Class_Gammaproteobacteria,Order_Pseudomodales,Family_Moraxellaceae,Genus_Acinetobacter,,,-2.138644,,,,,,,
TACAGAGGGTGCAAGCGTTAATCGGAATTACTGGGCGTAAAGCGCGCGTAGGTGGTTCGTTAAGTTGGATGTGAAATCCCCGGGCTCAACCTGGGAACTGCATTCAAAACTGACGAGCTAGAGTATGGTAGAGGGTGGTGGAATTTCCTGTGTAGCGGTGAAATGCGTAGATATAGGAAGGAACACCAGTGGCGAAGGCGACCACCTGGACTGATACTGACACTGAGGTGCGAAAGCGTGGGGAGCAAACAGG,Kingdom_Bacteria,Phylum_Proteobacteria,Class_Gammaproteobacteria,Order_Pseudomodales,Family_Pseudomodaceae,Genus_Pseudomos,,,-2.03131,,,,,,,
TACGGAGGGTGCGAGCGTTAATCGGAATTACTGGGCGTAAAGCGCATGCAGGTGGTTTGTTAAGTCAGATGTGAAAGCCCGGGGCTCAACCTCGGAATTGCATTTGAAACTGGCAGACTAGAGTACTGTAGAGGGGGGTAGAATTTCAGGTGTAGCGGTGAAATGCGTAGAGATCTGAAGGAATACCGGTGGCGAAGGCGGCCCCCTGGACAGATACTGACACTCAGATGCGAAAGCGTGGGGAGCAAACAGG,Kingdom_Bacteria,Phylum_Proteobacteria,Class_Gammaproteobacteria,Order_Vibrioles,Family_Vibrioceae,Genus_Vibrio,,,-2.287208,,,,,,,
TACGGAGGGTGCAAGCATTAATCGGGATTATTAGGCGTAAAGGGTGCGTAGGCGGCTATGTAAGTCAAATGTGAAATCCTGGGGCTTAACCCCAGGGCTGCATTTGAAACTGCATGACTAGAGGATGGACGGAGGAAGCGGAATTCTACATGTAGCGGTGAAATGCGTGGATATGTAGAAGAACACCGGTGGCGAAAGCGGCTTTCTAGTTTAATCCTGACGCTGAGGCACGATAGCAGGGGGAGCAAACAGG,Kingdom_Bacteria,Phylum_Verrucomicrobiota,Class_Chlamydiae,Order_Chlamydiales,Order_Chlamydiales,Order_Chlamydiales,5.124949,,,,,,,,,
TACGAAGGGGGCTAGCGTTGTTCGGAATTACTGGGCGTAAAGGGCGTCTAGGTGGTTTTGTTAGTTGGATGTGAAAGCCCTCGGCTCAACCGAGGAATTGCATCCAAAACTGCATTACTAGAGTGTGAAAGGGGAAGGCGGAATTCCAAGTGTAGCGGTGAAATGCGTAGATATTTGGAGGAACACCGGTGGCGAAGGCGGCCTTCTGGTTCAACACTGACACTAAAGCGCGAAGGCTAGGGGAGCGAACAGG,Kingdom_Bacteria,Phylum_Verrucomicrobiota,Class_Omnitrophia,Class_Omnitrophia,Class_Omnitrophia,Class_Omnitrophia,,,-3.182431,-30,,,,,,
TACAGAGGTCTCAAGCGTTGTTCGGATTCATTGGGCGTAAAGGGTGCGTAGGTGGCGATGTAAGTCGGGTGTGAAATCTCCAAGCTTAACTTGGAAACTGCACTCGATACTGCGTCGCTCGAGGACTGTAGAGGGCATTGGAATTCACGGTGTAGCAGTGAAATGCGTAGATATCGTGAGGAAGACCAGTGGCGAAGGCGAATGCCTGGGCAGTTCCTGACACTGAGGCACGAAGGCCAGGGGAGCAAACGGG,Kingdom_Bacteria,Phylum_Verrucomicrobiota,Class_Verrucomicrobiae,Order_Chthoniobacterales,Family_Chthoniobacteraceae,Genus_LD29,3.335964,,,,,,,,,