"","UniqueID","Experiment","Year","Site","Treatment1_Density","Treatment2_Diversity","Color_Bucket","Number","Species","Length_pre","Width_pre","Height_pre","Weight_pre","Length_post","Width_post","Height_post","Weight_post","RFTM_score","peacrabs","Length_delta","Weight_delta","RFTM_simp","RFTM_pa"
"2017_NW_HIGH_MONO_B1_CV","2017_NW_HIGH_MONO_B1_CV","Field17",2017,"NW","HIGH_MONO",NA,"B","1","CV",18.2,21.1,5.8,0.8,51.72,39.99,23.44,22.78,1,"0",1.84175824175824,27.475,"1","1"
"2017_NW_HIGH_MONO_B11_CV","2017_NW_HIGH_MONO_B11_CV","Field17",2017,"NW","HIGH_MONO",NA,"B","11","CV",24.2,18.1,5.8,1.45,65.99,32.67,19.69,21.48,2,"0",1.72685950413223,13.8137931034483,"2","1"
"2017_NW_HIGH_MONO_B12_CV","2017_NW_HIGH_MONO_B12_CV","Field17",2017,"NW","HIGH_MONO",NA,"B","12","CV",24.4,16.8,7.15,1.26,68.82,41.43,22.92,23.75,0,"0",1.82049180327869,17.8492063492063,"0","0"
"2017_NW_HIGH_MONO_B14_CV","2017_NW_HIGH_MONO_B14_CV","Field17",2017,"NW","HIGH_MONO",NA,"B","14","CV",21.1,20,5.8,1,56.17,41.03,22.82,27.56,1,"0",1.66208530805687,26.56,"1","1"
"2017_NW_HIGH_MONO_B18_CV","2017_NW_HIGH_MONO_B18_CV","Field17",2017,"NW","HIGH_MONO",NA,"B","18","CV",25,20.08,6,1.63,71.11,41.94,25.15,33.37,4,"0",1.8444,19.4723926380368,"4","1"
"2017_NW_HIGH_MONO_P1_CV","2017_NW_HIGH_MONO_P1_CV","Field17",2017,"NW","HIGH_MONO",NA,"P","1","CV",19.25,20,6.3,1.08,78.18,44.58,20.32,34.33,1,"0",3.0612987012987,30.787037037037,"1","1"
"2017_NW_HIGH_MONO_P12_CV","2017_NW_HIGH_MONO_P12_CV","Field17",2017,"NW","HIGH_MONO",NA,"P","12","CV",21.8,20.6,6.5,1.32,42.36,37.83,17.76,20.54,2,"0",0.943119266055046,14.5606060606061,"2","1"
"2017_NW_HIGH_MONO_P14_CV","2017_NW_HIGH_MONO_P14_CV","Field17",2017,"NW","HIGH_MONO",NA,"P","14","CV",22.55,21,7.7,1.49,53.82,48.02,20.56,29.11,2,"1",1.38669623059867,18.5369127516779,"2","1"
"2017_NW_HIGH_MONO_P16_CV","2017_NW_HIGH_MONO_P16_CV","Field17",2017,"NW","HIGH_MONO",NA,"P","16","CV",27.5,18.95,6.8,1.66,77.38,39.74,23.32,29.2,2,"0",1.81381818181818,16.5903614457831,"2","1"
"2017_NW_HIGH_MONO_P8_CV","2017_NW_HIGH_MONO_P8_CV","Field17",2017,"NW","HIGH_MONO",NA,"P","8","CV",22.7,20.06,5.65,1.34,60.51,41.39,18.14,25.66,0,"0",1.66563876651982,18.1492537313433,"0","0"
"2017_NW_HIGH_MONO_P9_CV","2017_NW_HIGH_MONO_P9_CV","Field17",2017,"NW","HIGH_MONO",NA,"P","9","CV",20.5,18.7,7,0.95,40.38,33.17,12.41,7.88,3,"1",0.969756097560976,7.29473684210526,"3","1"
"2017_NW_HIGH_MONO_R18_CV","2017_NW_HIGH_MONO_R18_CV","Field17",2017,"NW","HIGH_MONO",NA,"R","18","CV",21.1,17.7,5.6,0.9,61.79,49.86,17.84,28.94,1,"1",1.92843601895735,31.1555555555556,"1","1"
"2017_NW_HIGH_MONO_R4_CV","2017_NW_HIGH_MONO_R4_CV","Field17",2017,"NW","HIGH_MONO",NA,"R","4","CV",20.6,18.3,6.5,0.98,64.06,43.93,22.08,32.59,0.5,"0",2.10970873786408,32.2551020408163,"1","1"
"2017_NW_HIGH_MONO_R6_CV","2017_NW_HIGH_MONO_R6_CV","Field17",2017,"NW","HIGH_MONO",NA,"R","6","CV",25.25,18.2,5.6,1.37,59.46,42.25,18.68,30.69,0,"0",1.35485148514851,21.4014598540146,"0","0"
"2017_NW_HIGH_MONO_Y9_CV","2017_NW_HIGH_MONO_Y9_CV","Field17",2017,"NW","HIGH_MONO",NA,"Y","9","CV",23.05,19.9,6.2,1.01,59.97,45.31,23.36,34.72,3,"0",1.60173535791757,33.3762376237624,"3","1"
"2017_NW_HIGH_POLY_B1_CV","2017_NW_HIGH_POLY_B1_CV","Field17",2017,"NW","HIGH_POLY",NA,"B","1","CV",14.8,16.65,6.8,0.7,46.25,44.73,18.99,17.61,0,"0",2.125,24.1571428571429,"0","0"
"2017_NW_HIGH_POLY_B11_CV","2017_NW_HIGH_POLY_B11_CV","Field17",2017,"NW","HIGH_POLY",NA,"B","11","CV",25.6,15.8,5.6,1.31,68.38,39.93,28.77,35.01,0,"0",1.67109375,25.7251908396947,"0","0"
"2017_NW_HIGH_POLY_B14_CV","2017_NW_HIGH_POLY_B14_CV","Field17",2017,"NW","HIGH_POLY",NA,"B","14","CV",18.35,17.2,7,0.81,52.44,38.9,21.25,18.32,0,"0",1.85776566757493,21.6172839506173,"0","0"
"2017_NW_HIGH_POLY_P7_CV","2017_NW_HIGH_POLY_P7_CV","Field17",2017,"NW","HIGH_POLY",NA,"P","7","CV",23.5,17.2,5.8,1.3,60.15,46.68,20.26,32.41,1,"0",1.55957446808511,23.9307692307692,"1","1"
"2017_NW_HIGH_POLY_R1_CV","2017_NW_HIGH_POLY_R1_CV","Field17",2017,"NW","HIGH_POLY",NA,"R","1","CV",24.85,17.5,6.6,1.24,53.74,37.42,17.68,15.61,1,"0",1.1625754527163,11.5887096774194,"1","1"
"2017_NW_LOW_MONO_B17_CV","2017_NW_LOW_MONO_B17_CV","Field17",2017,"NW","LOW_MONO",NA,"B","17","CV",21.1,18.7,5.3,1.01,62.48,46.67,23.31,35.39,0,"0",1.96113744075829,34.039603960396,"0","0"
"2017_NW_LOW_MONO_B3_CV","2017_NW_LOW_MONO_B3_CV","Field17",2017,"NW","LOW_MONO",NA,"B","3","CV",22.4,17.2,6.85,1.17,49.29,54.14,19.28,24.1,0,"0",1.20044642857143,19.5982905982906,"0","0"
"2017_NW_LOW_MONO_P11_CV","2017_NW_LOW_MONO_P11_CV","Field17",2017,"NW","LOW_MONO",NA,"P","11","CV",24,16.35,7.4,1.37,72.09,41.39,18.68,26.99,0.5,"0",2.00375,18.7007299270073,"1","1"
"2017_NW_LOW_MONO_P17_CV","2017_NW_LOW_MONO_P17_CV","Field17",2017,"NW","LOW_MONO",NA,"P","17","CV",18.9,18.75,5.8,0.96,69.85,46.25,21.18,33.31,2,"0",2.6957671957672,33.6979166666667,"2","1"
"2017_NW_LOW_MONO_P5_CV","2017_NW_LOW_MONO_P5_CV","Field17",2017,"NW","LOW_MONO",NA,"P","5","CV",20.2,17.5,6.1,0.91,45.43,36.73,16.7,16.24,4,"0",1.2490099009901,16.8461538461538,"4","1"
"2017_NW_LOW_MONO_P7_CV","2017_NW_LOW_MONO_P7_CV","Field17",2017,"NW","LOW_MONO",NA,"P","7","CV",25.2,16,6.5,1.19,57.2,38.38,18.8,25.65,0.5,"0",1.26984126984127,20.5546218487395,"1","1"
"2017_NW_LOW_MONO_R1_CV","2017_NW_LOW_MONO_R1_CV","Field17",2017,"NW","LOW_MONO",NA,"R","1","CV",20,18.7,6.5,1.09,49.02,38.98,18.46,2.28,1,"0",1.451,1.09174311926605,"1","1"
"2017_NW_LOW_MONO_R11_CV","2017_NW_LOW_MONO_R11_CV","Field17",2017,"NW","LOW_MONO",NA,"R","11","CV",20.5,17.75,6.9,1.04,49.57,38.26,20.18,19.59,3,"0",1.4180487804878,17.8365384615385,"3","1"
"2017_NW_LOW_MONO_R14_CV","2017_NW_LOW_MONO_R14_CV","Field17",2017,"NW","LOW_MONO",NA,"R","14","CV",23.5,18.5,6.45,1.05,57.22,33.05,15.37,16.68,2,"0",1.43489361702128,14.8857142857143,"2","1"
"2017_NW_LOW_MONO_R16_CV","2017_NW_LOW_MONO_R16_CV","Field17",2017,"NW","LOW_MONO",NA,"R","16","CV",22.6,18.35,10.2,1.88,55.95,37.96,22.5,23.82,4,"0",1.47566371681416,11.6702127659574,"4","1"
"2017_NW_LOW_MONO_Y10_CV","2017_NW_LOW_MONO_Y10_CV","Field17",2017,"NW","LOW_MONO",NA,"Y","10","CV",20.9,18.25,6.75,1.11,67.74,44.5,24.56,41.63,0,"0",2.24114832535885,36.5045045045045,"0","0"
"2017_NW_LOW_MONO_Y18_CV","2017_NW_LOW_MONO_Y18_CV","Field17",2017,"NW","LOW_MONO",NA,"Y","18","CV",22.55,16.3,7,0.93,78.22,45.82,17.26,26.79,3,"0",2.46873614190687,27.8064516129032,"3","1"
"2017_NW_LOW_MONO_Y6_CV","2017_NW_LOW_MONO_Y6_CV","Field17",2017,"NW","LOW_MONO",NA,"Y","6","CV",22,18.1,6.3,1.27,69.2,42.12,20.99,25.34,2,"0",2.14545454545455,18.9527559055118,"2","1"
"2017_NW_LOW_POLY_B17_CV","2017_NW_LOW_POLY_B17_CV","Field17",2017,"NW","LOW_POLY",NA,"B","17","CV",18.25,20.04,6.15,1,58.04,38.04,20.13,20.07,3,"0",2.18027397260274,19.07,"3","1"
"2017_NW_LOW_POLY_B6_CV","2017_NW_LOW_POLY_B6_CV","Field17",2017,"NW","LOW_POLY",NA,"B","6","CV",20,17.8,6.4,1.05,60.26,33.26,24.19,25.48,2,"0",2.013,23.2666666666667,"2","1"
"2017_NW_LOW_POLY_P18_CV","2017_NW_LOW_POLY_P18_CV","Field17",2017,"NW","LOW_POLY",NA,"P","18","CV",21,18.7,5.2,1.05,63.74,46.96,25.7,38.25,3,"0",2.0352380952381,35.4285714285714,"3","1"
"2017_NW_LOW_POLY_P5_CV","2017_NW_LOW_POLY_P5_CV","Field17",2017,"NW","LOW_POLY",NA,"P","5","CV",18,16.1,5.2,0.81,54.71,41.07,18.48,24.02,4,"0",2.03944444444444,28.6543209876543,"4","1"
"2017_OY_HIGH_MONO_R1_CV","2017_OY_HIGH_MONO_R1_CV","Field17",2017,"OY","HIGH_MONO",NA,"R","1","CV",20.1,18.6,5.4,0.93,49.75,31.21,48.24,14.29,5,"0",1.47512437810945,14.3655913978495,"4","1"
"2017_OY_HIGH_MONO_R11_CV","2017_OY_HIGH_MONO_R11_CV","Field17",2017,"OY","HIGH_MONO",NA,"R","11","CV",18.75,16.75,5.5,0.89,51.1,40.65,18.41,19.97,1,"0",1.72533333333333,21.438202247191,"1","1"
"2017_OY_HIGH_MONO_R12_CV","2017_OY_HIGH_MONO_R12_CV","Field17",2017,"OY","HIGH_MONO",NA,"R","12","CV",23,15.1,7.45,0.89,43.97,39.04,13.5,11.42,2,"1",0.911739130434783,11.8314606741573,"2","1"
"2017_OY_HIGH_MONO_Y11_CV","2017_OY_HIGH_MONO_Y11_CV","Field17",2017,"OY","HIGH_MONO",NA,"Y","11","CV",25.45,17.4,7.2,1.54,71.02,43.77,16.33,23.89,3,"0",1.79056974459725,14.512987012987,"3","1"
"2017_OY_HIGH_MONO_Y13_CV","2017_OY_HIGH_MONO_Y13_CV","Field17",2017,"OY","HIGH_MONO",NA,"Y","13","CV",21.4,17.6,5.5,0.97,45.15,35.04,18.84,16.37,1,"0",1.10981308411215,15.8762886597938,"1","1"
"2017_OY_HIGH_MONO_Y15_CV","2017_OY_HIGH_MONO_Y15_CV","Field17",2017,"OY","HIGH_MONO",NA,"Y","15","CV",24.2,17.3,7.2,1.41,63.12,44.79,17.83,24.37,0,"0",1.60826446280992,16.2836879432624,"0","0"
"2017_OY_HIGH_MONO_Y17_CV","2017_OY_HIGH_MONO_Y17_CV","Field17",2017,"OY","HIGH_MONO",NA,"Y","17","CV",22.7,14.8,6.4,0.85,52.54,37.96,17.25,19.97,0.5,"0",1.31453744493392,22.4941176470588,"1","1"
"2017_OY_HIGH_MONO_Y3_CV","2017_OY_HIGH_MONO_Y3_CV","Field17",2017,"OY","HIGH_MONO",NA,"Y","3","CV",23.4,19.25,6,1.27,45.98,41.95,17.76,18.58,0,"0",0.964957264957265,13.6299212598425,"0","0"
"2017_OY_HIGH_MONO_Y4_CV","2017_OY_HIGH_MONO_Y4_CV","Field17",2017,"OY","HIGH_MONO",NA,"Y","4","CV",24.5,17.5,7.1,1.41,45.97,37.25,16.16,15.75,1,"0",0.876326530612245,10.1702127659574,"1","1"
"2017_OY_HIGH_MONO_Y7_CV","2017_OY_HIGH_MONO_Y7_CV","Field17",2017,"OY","HIGH_MONO",NA,"Y","7","CV",22.2,18.5,6.75,1.07,53.3,36.91,16.14,16.16,1,"1",1.4009009009009,14.1028037383178,"1","1"
"2017_OY_HIGH_POLY_B1_CV","2017_OY_HIGH_POLY_B1_CV","Field17",2017,"OY","HIGH_POLY",NA,"B","1","CV",22.1,17.8,5.7,0.95,57.1,44.51,21.16,23.5,0.5,"0",1.58371040723982,23.7368421052632,"1","1"
"2017_OY_HIGH_POLY_B9_CV","2017_OY_HIGH_POLY_B9_CV","Field17",2017,"OY","HIGH_POLY",NA,"B","9","CV",25.45,17.4,7.05,1.67,57.54,44.5,20.51,27.85,3,"0",1.26090373280943,15.6766467065868,"3","1"
"2017_OY_HIGH_POLY_P13_CV","2017_OY_HIGH_POLY_P13_CV","Field17",2017,"OY","HIGH_POLY",NA,"P","13","CV",20,15.25,6.2,1.04,41.1,35.06,13.89,13.36,1,"0",1.055,11.8461538461538,"1","1"
"2017_OY_HIGH_POLY_P3_CV","2017_OY_HIGH_POLY_P3_CV","Field17",2017,"OY","HIGH_POLY",NA,"P","3","CV",19.5,18,5.6,0.92,49.46,48.34,17.61,18,0,"0",1.53641025641026,18.5652173913043,"0","0"
"2017_OY_HIGH_POLY_P7_CV","2017_OY_HIGH_POLY_P7_CV","Field17",2017,"OY","HIGH_POLY",NA,"P","7","CV",20.2,18.3,5.1,0.92,45.32,46.37,15.65,17.19,1,"0",1.24356435643564,17.6847826086957,"1","1"
"2017_OY_HIGH_POLY_R1_CV","2017_OY_HIGH_POLY_R1_CV","Field17",2017,"OY","HIGH_POLY",NA,"R","1","CV",20.5,19.2,5.5,0.98,59.78,40.64,18.74,20.83,0,"0",1.91609756097561,20.2551020408163,"0","0"
"2017_OY_HIGH_POLY_R13_CV","2017_OY_HIGH_POLY_R13_CV","Field17",2017,"OY","HIGH_POLY",NA,"R","13","CV",21,18.1,5.5,1.08,45.77,35.93,14.21,14.49,0,"1",1.17952380952381,12.4166666666667,"0","0"
"2017_OY_HIGH_POLY_Y16_CV","2017_OY_HIGH_POLY_Y16_CV","Field17",2017,"OY","HIGH_POLY",NA,"Y","16","CV",20.7,15.8,6.7,0.92,59.29,40.62,19.21,25.39,2,"0",1.86425120772947,26.5978260869565,"2","1"
"2017_OY_HIGH_POLY_Y7_CV","2017_OY_HIGH_POLY_Y7_CV","Field17",2017,"OY","HIGH_POLY",NA,"Y","7","CV",22.7,14.9,5.95,0.99,46.54,34.96,20.42,18.66,1,"0",1.05022026431718,17.8484848484849,"1","1"
"2017_OY_LOW_MONO_B11_CV","2017_OY_LOW_MONO_B11_CV","Field17",2017,"OY","LOW_MONO",NA,"B","11","CV",20,17.2,6.1,0.89,53.19,39.6,14.71,18.93,0,"0",1.6595,20.2696629213483,"0","0"
"2017_OY_LOW_MONO_B16_CV","2017_OY_LOW_MONO_B16_CV","Field17",2017,"OY","LOW_MONO",NA,"B","16","CV",17.4,16.85,6,0.89,48.29,34.26,16.89,19.23,3,"0",1.77528735632184,20.6067415730337,"3","1"
"2017_OY_LOW_MONO_P9_CV","2017_OY_LOW_MONO_P9_CV","Field17",2017,"OY","LOW_MONO",NA,"P","9","CV",21.65,14.5,6.45,1.05,40.31,43.14,13.37,12.22,1,"0",0.86189376443418,10.6380952380952,"1","1"
"2017_OY_LOW_MONO_R10_CV","2017_OY_LOW_MONO_R10_CV","Field17",2017,"OY","LOW_MONO",NA,"R","10","CV",23.2,17.7,7.5,1.18,59.19,42.83,20.04,27.02,1,"0",1.55129310344828,21.8983050847458,"1","1"
"2017_OY_LOW_MONO_R12_CV","2017_OY_LOW_MONO_R12_CV","Field17",2017,"OY","LOW_MONO",NA,"R","12","CV",18.6,14,5.5,0.7,54.56,38.68,16.33,15.52,0,"0",1.93333333333333,21.1714285714286,"0","0"
"2017_OY_LOW_MONO_R18_CV","2017_OY_LOW_MONO_R18_CV","Field17",2017,"OY","LOW_MONO",NA,"R","18","CV",23,17.7,6.2,1.02,60.19,37.3,21.32,28.46,3,"0",1.61695652173913,26.9019607843137,"3","1"
"2017_OY_LOW_MONO_R4_CV","2017_OY_LOW_MONO_R4_CV","Field17",2017,"OY","LOW_MONO",NA,"R","4","CV",22.3,17,7.2,1.2,49.66,47.33,14.06,21.95,0,"0",1.22690582959641,17.2916666666667,"0","0"
"2017_OY_LOW_MONO_Y6_CV","2017_OY_LOW_MONO_Y6_CV","Field17",2017,"OY","LOW_MONO",NA,"Y","6","CV",19.5,17.45,5.9,0.85,55.83,47.69,21.07,27.05,2,"0",1.86307692307692,30.8235294117647,"2","1"
"2017_OY_LOW_POLY_B15_CV","2017_OY_LOW_POLY_B15_CV","Field17",2017,"OY","LOW_POLY",NA,"B","15","CV",19.3,17,4.9,0.77,57.98,38.57,20.59,24.22,0,"0",2.00414507772021,30.4545454545455,"0","0"
"2017_OY_LOW_POLY_B2_CV","2017_OY_LOW_POLY_B2_CV","Field17",2017,"OY","LOW_POLY",NA,"B","2","CV",21.5,19.85,6.2,1.25,58.75,43.86,22.6,31.19,0,"0",1.73255813953488,23.952,"0","0"
"2017_OY_LOW_POLY_P3_CV","2017_OY_LOW_POLY_P3_CV","Field17",2017,"OY","LOW_POLY",NA,"P","3","CV",21.3,21.3,5.6,0.9,53.78,36.41,17.16,16.42,0,"0",1.52488262910798,17.2444444444444,"0","0"
"2017_OY_LOW_POLY_Y17_CV","2017_OY_LOW_POLY_Y17_CV","Field17",2017,"OY","LOW_POLY",NA,"Y","17","CV",20.4,19,5.4,1.12,50.69,38.86,16.88,18.37,1,"0",1.48480392156863,15.4017857142857,"1","1"
"2017_OY_LOW_POLY_Y4_CV","2017_OY_LOW_POLY_Y4_CV","Field17",2017,"OY","LOW_POLY",NA,"Y","4","CV",21.1,14.4,5.5,0.89,49.26,43.03,18.32,20.74,0,"1",1.3345971563981,22.3033707865169,"0","0"
"2017_SW_HIGH_MONO_B1_CV","2017_SW_HIGH_MONO_B1_CV","Field17",2017,"SW","HIGH_MONO",NA,"B","1","CV",20.4,17.6,5,0.92,58.24,40.04,26.45,28.22,0,"0",1.85490196078431,29.6739130434783,"0","0"
"2017_SW_HIGH_MONO_B11_CV","2017_SW_HIGH_MONO_B11_CV","Field17",2017,"SW","HIGH_MONO",NA,"B","11","CV",20.8,16.4,5,1.04,51.2,42.45,19.8,21.1,1,"0",1.46153846153846,19.2884615384615,"1","1"
"2017_SW_HIGH_MONO_B13_CV","2017_SW_HIGH_MONO_B13_CV","Field17",2017,"SW","HIGH_MONO",NA,"B","13","CV",18.4,17.6,5.5,0.92,53.5,42.58,19.15,26.99,0,"0",1.90760869565217,28.3369565217391,"0","0"
"2017_SW_HIGH_MONO_B3_CV","2017_SW_HIGH_MONO_B3_CV","Field17",2017,"SW","HIGH_MONO",NA,"B","3","CV",24.4,15,7.1,0.95,54.34,36.54,19.21,19.73,0.5,"0",1.22704918032787,19.7684210526316,"1","1"
"2017_SW_HIGH_MONO_B9_CV","2017_SW_HIGH_MONO_B9_CV","Field17",2017,"SW","HIGH_MONO",NA,"B","9","CV",19.5,14.8,5.2,0.79,54.16,39.96,16.33,18.19,0,"0",1.7774358974359,22.0253164556962,"0","0"
"2017_SW_HIGH_MONO_P13_CV","2017_SW_HIGH_MONO_P13_CV","Field17",2017,"SW","HIGH_MONO",NA,"P","13","CV",20,14.15,5.6,0.84,56.49,34.56,19.81,17.64,3,"0",1.8245,20,"3","1"
"2017_SW_HIGH_MONO_P15_CV","2017_SW_HIGH_MONO_P15_CV","Field17",2017,"SW","HIGH_MONO",NA,"P","15","CV",24.7,14.6,7.25,1.29,53.03,49.65,18.99,23.53,0.5,"0",1.14696356275304,17.2403100775194,"1","1"
"2017_SW_HIGH_MONO_R1_CV","2017_SW_HIGH_MONO_R1_CV","Field17",2017,"SW","HIGH_MONO",NA,"R","1","CV",20,15.8,5,0.84,48.88,38.11,22.54,22.15,1,"0",1.444,25.3690476190476,"1","1"
"2017_SW_HIGH_MONO_R13_CV","2017_SW_HIGH_MONO_R13_CV","Field17",2017,"SW","HIGH_MONO",NA,"R","13","CV",21,17.2,6.7,1.02,45.25,35.68,28.77,17.1,3,"0",1.1547619047619,15.7647058823529,"3","1"
"2017_SW_HIGH_MONO_R17_CV","2017_SW_HIGH_MONO_R17_CV","Field17",2017,"SW","HIGH_MONO",NA,"R","17","CV",18.5,16.8,5.8,0.76,54.09,46.36,21.49,24.56,1,"0",1.92378378378378,31.3157894736842,"1","1"
"2017_SW_HIGH_MONO_R3_CV","2017_SW_HIGH_MONO_R3_CV","Field17",2017,"SW","HIGH_MONO",NA,"R","3","CV",20.5,12.8,6,0.82,50.03,47.71,18.32,24.01,2,"0",1.44048780487805,28.2804878048781,"2","1"
"2017_SW_HIGH_MONO_R7_CV","2017_SW_HIGH_MONO_R7_CV","Field17",2017,"SW","HIGH_MONO",NA,"R","7","CV",18.6,16.5,5.5,0.78,57.14,46.84,22.12,27.57,3,"0",2.07204301075269,34.3461538461538,"3","1"
"2017_SW_HIGH_MONO_Y3_CV","2017_SW_HIGH_MONO_Y3_CV","Field17",2017,"SW","HIGH_MONO",NA,"Y","3","CV",19.6,16.9,5.85,0.98,57.68,41.28,21.29,19.93,2,"0",1.94285714285714,19.3367346938775,"2","1"
"2017_SW_HIGH_POLY_B2_CV","2017_SW_HIGH_POLY_B2_CV","Field17",2017,"SW","HIGH_POLY",NA,"B","2","CV",NA,NA,NA,NA,42.89,50.52,24.01,23.17,1,"0",NA,NA,"1","1"
"2017_SW_HIGH_POLY_B8_CV","2017_SW_HIGH_POLY_B8_CV","Field17",2017,"SW","HIGH_POLY",NA,"B","8","CV",NA,NA,NA,NA,57.44,44.69,25.88,26.25,0.5,"0",NA,NA,"1","1"
"2017_SW_HIGH_POLY_R13_CV","2017_SW_HIGH_POLY_R13_CV","Field17",2017,"SW","HIGH_POLY",NA,"R","13","CV",NA,NA,NA,NA,65.59,52.07,19.7,33.48,0,"0",NA,NA,"0","0"
"2017_SW_HIGH_POLY_R2_CV","2017_SW_HIGH_POLY_R2_CV","Field17",2017,"SW","HIGH_POLY",NA,"R","2","CV",NA,NA,NA,NA,61.19,43.06,22.3,33.53,0,"0",NA,NA,"0","0"
"2017_SW_HIGH_POLY_R4_CV","2017_SW_HIGH_POLY_R4_CV","Field17",2017,"SW","HIGH_POLY",NA,"R","4","CV",NA,NA,NA,NA,60.58,44.97,22.08,27.14,2,"0",NA,NA,"2","1"
"2017_SW_HIGH_POLY_Y1_CV","2017_SW_HIGH_POLY_Y1_CV","Field17",2017,"SW","HIGH_POLY",NA,"Y","1","CV",NA,NA,NA,NA,56.89,49.83,20.77,28.45,1,"0",NA,NA,"1","1"
"2017_SW_HIGH_POLY_Y13_CV","2017_SW_HIGH_POLY_Y13_CV","Field17",2017,"SW","HIGH_POLY",NA,"Y","13","CV",NA,NA,NA,NA,46.13,31.67,18.99,13.24,2,"0",NA,NA,"2","1"
"2017_SW_HIGH_POLY_Y14_CV","2017_SW_HIGH_POLY_Y14_CV","Field17",2017,"SW","HIGH_POLY",NA,"Y","14","CV",NA,NA,NA,NA,52.36,43.03,26.09,22.49,2,"0",NA,NA,"2","1"
"2017_SW_LOW_MONO_B1_CV","2017_SW_LOW_MONO_B1_CV","Field17",2017,"SW","LOW_MONO",NA,"B","1","CV",22,15.6,7.3,1.37,61.91,47.13,23.52,33.33,0,"0",1.81409090909091,23.3284671532847,"0","0"
"2017_SW_LOW_MONO_B10_CV","2017_SW_LOW_MONO_B10_CV","Field17",2017,"SW","LOW_MONO",NA,"B","10","CV",21.6,18.3,7.6,1.39,51.37,39.35,19,16.89,3,"0",1.37824074074074,11.1510791366906,"3","1"
"2017_SW_LOW_MONO_B4_CV","2017_SW_LOW_MONO_B4_CV","Field17",2017,"SW","LOW_MONO",NA,"B","4","CV",18.9,18,4.5,0.61,43.4,29.32,19.46,14.12,0,"0",1.2962962962963,22.1475409836066,"0","0"
"2017_SW_LOW_MONO_P1_CV","2017_SW_LOW_MONO_P1_CV","Field17",2017,"SW","LOW_MONO",NA,"P","1","CV",20.1,16.5,6.5,0.83,47.32,43.65,17.46,20.3,1,"0",1.35422885572139,23.4578313253012,"1","1"
"2017_SW_LOW_MONO_P7_CV","2017_SW_LOW_MONO_P7_CV","Field17",2017,"SW","LOW_MONO",NA,"P","7","CV",19.7,17.8,6.1,0.93,47.16,47.91,16.97,16.98,1,"0",1.39390862944162,17.258064516129,"1","1"
"2017_SW_LOW_MONO_Y6_CV","2017_SW_LOW_MONO_Y6_CV","Field17",2017,"SW","LOW_MONO",NA,"Y","6","CV",21.4,18.4,6.6,0.98,71.81,46.28,24.33,43.92,0,"0",2.35560747663551,43.8163265306123,"0","0"
"2017_SW_LOW_POLY_R18_CV","2017_SW_LOW_POLY_R18_CV","Field17",2017,"SW","LOW_POLY",NA,"R","18","CV",21.3,15.7,5,0.85,51.05,55.19,18.18,26.77,0,"0",1.39671361502347,30.4941176470588,"0","0"
"2017_SW_LOW_POLY_Y1_CV","2017_SW_LOW_POLY_Y1_CV","Field17",2017,"SW","LOW_POLY",NA,"Y","1","CV",23.1,15.4,8,0.93,53.52,41.69,18.52,20.59,0.5,"0",1.31688311688312,21.1397849462366,"1","1"
"2018_HIGH_MONO_HM1W15_CV","2018_HIGH_MONO_HM1W15_CV","Lab18",2018,NA,"HIGH","MONO","HM1","W15","CV",40.32,23.04,11.2,4.25,42.75,28.85,9.35,8.54,0,"0",0.0602678571428571,1.00941176470588,"0","0"
"2018_HIGH_MONO_HM1W33_CV","2018_HIGH_MONO_HM1W33_CV","Lab18",2018,NA,"HIGH","MONO","HM1","W33","CV",47.13,30.3,13.86,10.52,47.49,30.61,13.32,15.56,0,"0",0.00763844684914066,0.479087452471483,"0","0"
"2018_HIGH_MONO_HM4Y44_CV","2018_HIGH_MONO_HM4Y44_CV","Lab18",2018,NA,"HIGH","MONO","HM4","Y44","CV",27.32,20.28,10.03,2,NA,NA,NA,NA,0,"0",NA,NA,"0","0"
"2018_HIGH_MONO_HM4Y53_CV","2018_HIGH_MONO_HM4Y53_CV","Lab18",2018,NA,"HIGH","MONO","HM4","Y53","CV",26.82,18.9,10.37,2.36,62.36,34.64,12.51,18.85,0,"0",1.32513049962714,6.98728813559322,"0","0"
"2018_HIGH_MONO_HM8O20_CV","2018_HIGH_MONO_HM8O20_CV","Lab18",2018,NA,"HIGH","MONO","HM8","O20","CV",47.19,27.81,12.76,7.22,43.28,31.67,13.17,13,0,"0",-0.0828565374019919,0.800554016620499,"0","0"
"2018_HIGH_MONO_HM8O34_CV","2018_HIGH_MONO_HM8O34_CV","Lab18",2018,NA,"HIGH","MONO","HM8","O34","CV",27.27,24.85,6.77,2.63,45.51,28.37,10.16,11.89,0,"0",0.668866886688669,3.52091254752852,"0","0"
"2018_HIGH_MONO_HM8O66_CV","2018_HIGH_MONO_HM8O66_CV","Lab18",2018,NA,"HIGH","MONO","HM8","O66","CV",34.97,27.27,10.59,4.6,51.45,30.7,11.97,16.45,0,"0",0.471261080926509,2.57608695652174,"0","0"
"2018_HIGH_MONO_HM8Y28_CV","2018_HIGH_MONO_HM8Y28_CV","Lab18",2018,NA,"HIGH","MONO","HM8","Y28","CV",54.77,24.53,15.87,8.29,42.54,27.36,10.48,9.67,0,"0",-0.223297425597955,0.166465621230398,"0","0"
"2018_HIGH_MONO_HM8Y52_CV","2018_HIGH_MONO_HM8Y52_CV","Lab18",2018,NA,"HIGH","MONO","HM8","Y52","CV",35.26,24,12.1,3.72,41.6,34.27,11.98,13.42,0,"0",0.179807146908678,2.60752688172043,"0","0"
"2018_HIGH_POLY_HP1W5_CV","2018_HIGH_POLY_HP1W5_CV","Lab18",2018,NA,"HIGH","POLY","HP1","W5","CV",48,24.68,11.78,6.54,49.48,30.2,12.1,13.82,0,"0",0.0308333333333333,1.1131498470948,"0","0"
"2018_HIGH_POLY_HP1W62_CV","2018_HIGH_POLY_HP1W62_CV","Lab18",2018,NA,"HIGH","POLY","HP1","W62","CV",32.81,24.65,11.01,3.55,35.94,29.79,11.4,7.58,0.5,"0",0.0953977445900639,1.13521126760563,"1","1"
"2018_HIGH_POLY_HP1W63_CV","2018_HIGH_POLY_HP1W63_CV","Lab18",2018,NA,"HIGH","POLY","HP1","W63","CV",33.22,28.09,11.77,4.46,34.52,28.75,10.79,8.14,0,"0",0.0391330523780856,0.825112107623319,"0","0"
"2018_HIGH_POLY_HP1Y33_IR","2018_HIGH_POLY_HP1Y33_IR","Lab18",2018,NA,"HIGH","POLY","HP1","Y33","IR",38.27,21.24,14.54,5.08,41.2,22,15.28,7.49,0,"0",0.0765612751502482,0.474409448818898,"0","0"
"2018_HIGH_POLY_HP1Y55_IR","2018_HIGH_POLY_HP1Y55_IR","Lab18",2018,NA,"HIGH","POLY","HP1","Y55","IR",38.21,23.34,14.33,5.17,40.42,21.62,15.48,7.08,0,"0",0.057838262235017,0.369439071566731,"0","0"
"2018_HIGH_POLY_HP1Y64_IR","2018_HIGH_POLY_HP1Y64_IR","Lab18",2018,NA,"HIGH","POLY","HP1","Y64","IR",28.25,16.74,12.36,2.62,35.08,17.95,14.57,5.11,0,"0",0.241769911504425,0.950381679389313,"0","0"
"2018_HIGH_POLY_HP1Y75_IR","2018_HIGH_POLY_HP1Y75_IR","Lab18",2018,NA,"HIGH","POLY","HP1","Y75","IR",29.81,17.91,11.34,2.84,32.74,18.33,12.8,4.24,0,"0",0.098289164709829,0.492957746478873,"0","0"
"2018_HIGH_POLY_HP1Y84_IR","2018_HIGH_POLY_HP1Y84_IR","Lab18",2018,NA,"HIGH","POLY","HP1","Y84","IR",32.8,22.76,12.05,3.66,34.68,18.78,13.43,5.21,0,"0",0.0573170731707318,0.423497267759563,"0","0"
"2018_HIGH_POLY_HP3B59_CV","2018_HIGH_POLY_HP3B59_CV","Lab18",2018,NA,"HIGH","POLY","HP3","B59","CV",49.28,29.56,13.56,8.67,49.72,30.14,14.88,15.92,0,"0",0.00892857142857138,0.836216839677047,"0","0"
"2018_HIGH_POLY_HP3B65_CV","2018_HIGH_POLY_HP3B65_CV","Lab18",2018,NA,"HIGH","POLY","HP3","B65","CV",38.66,36.16,12.73,8.28,42.8,36.34,14.49,14.68,0,"0",0.107087428867046,0.772946859903382,"0","0"
"2018_HIGH_POLY_HP3W36_CV","2018_HIGH_POLY_HP3W36_CV","Lab18",2018,NA,"HIGH","POLY","HP3","W36","CV",41.73,24.46,14.4,5.29,42.53,28.62,10.62,11.54,0,"0",0.0191708602923557,1.18147448015123,"0","0"
"2018_HIGH_POLY_HP3W36_IR","2018_HIGH_POLY_HP3W36_IR","Lab18",2018,NA,"HIGH","POLY","HP3","W36","IR",48.14,28.61,17.35,8.27,47.81,24.42,17.51,11.6,0,"0",-0.00685500623182381,0.402660217654172,"0","0"
"2018_HIGH_POLY_HP3W37_IR","2018_HIGH_POLY_HP3W37_IR","Lab18",2018,NA,"HIGH","POLY","HP3","W37","IR",40.13,22.03,14.91,5.21,38.96,20.1,14.01,5.87,0,"0",-0.0291552454522801,0.126679462571977,"0","0"
"2018_HIGH_POLY_HP3W4_IR","2018_HIGH_POLY_HP3W4_IR","Lab18",2018,NA,"HIGH","POLY","HP3","W4","IR",42.48,24.21,16.07,6.96,41.06,21.32,15.21,8.75,0,"0",-0.0334274952919019,0.257183908045977,"0","0"
"2018_HIGH_POLY_HP3W40_IR","2018_HIGH_POLY_HP3W40_IR","Lab18",2018,NA,"HIGH","POLY","HP3","W40","IR",38.24,22.52,13.01,5.64,38.37,21.34,13.91,2.49,0,"0",0.00339958158995804,-0.558510638297872,"0","0"
"2018_HIGH_POLY_HP3W45_CV","2018_HIGH_POLY_HP3W45_CV","Lab18",2018,NA,"HIGH","POLY","HP3","W45","CV",34.78,19.84,9.3,3.22,34.99,22.44,10.33,6.31,1,"0",0.00603795284646351,0.959627329192546,"1","1"
"2018_HIGH_POLY_HP3W61_CV","2018_HIGH_POLY_HP3W61_CV","Lab18",2018,NA,"HIGH","POLY","HP3","W61","CV",39.72,20.63,11.87,3.08,41.16,22.72,8.18,7.82,0,"0",0.0362537764350453,1.53896103896104,"0","0"
"2018_HIGH_POLY_HP3W9_IR","2018_HIGH_POLY_HP3W9_IR","Lab18",2018,NA,"HIGH","POLY","HP3","W9","IR",40.49,27.29,15.87,8.21,49.67,24.59,20.99,16.5,0,"0",0.226722647567301,1.00974421437272,"0","0"
"2018_HIGH_POLY_HP51_MB","2018_HIGH_POLY_HP51_MB","Lab18",2018,NA,"HIGH","POLY","HP5","1","LP",NA,NA,NA,NA,13.59,11.32,4.66,0.38,1,"0",NA,NA,"1","1"
"2018_HIGH_POLY_HP54_MM","2018_HIGH_POLY_HP54_MM","Lab18",2018,NA,"HIGH","POLY","HP5","4","AM",NA,NA,NA,NA,14.07,9.51,4.72,0.35,0,"0",NA,NA,"0","0"
"2018_HIGH_POLY_HP5G14_CV","2018_HIGH_POLY_HP5G14_CV","Lab18",2018,NA,"HIGH","POLY","HP5","G14","CV",32.05,25.08,7.9,3.74,45.36,33.33,13.1,13.81,1,"0",0.415288611544462,2.69251336898396,"1","1"
"2018_HIGH_POLY_HP5G19_CV","2018_HIGH_POLY_HP5G19_CV","Lab18",2018,NA,"HIGH","POLY","HP5","G19","CV",48.76,26.01,10.64,8.16,57.57,38.55,12.35,23.34,0,"0",0.180680885972108,1.86029411764706,"0","0"
"2018_HIGH_POLY_HP5G32_CV","2018_HIGH_POLY_HP5G32_CV","Lab18",2018,NA,"HIGH","POLY","HP5","G32","CV",38.78,24.97,6.35,5.56,45.41,35.18,12.89,15.21,0,"0",0.170964414646725,1.73561151079137,"0","0"
"2018_HIGH_POLY_HP5G55_CV","2018_HIGH_POLY_HP5G55_CV","Lab18",2018,NA,"HIGH","POLY","HP5","G55","CV",43.23,32.37,10.21,8.41,54.61,32.21,14.08,18.57,0,"0",0.26324311820495,1.20808561236623,"0","0"
"2018_HIGH_POLY_HP5G67_CV","2018_HIGH_POLY_HP5G67_CV","Lab18",2018,NA,"HIGH","POLY","HP5","G67","CV",45.3,29.85,9.13,8,50.06,28.32,10.44,12.7,0.5,"0",0.105077262693157,0.5875,"1","1"
"2018_HIGH_POLY_HP5G7_CV","2018_HIGH_POLY_HP5G7_CV","Lab18",2018,NA,"HIGH","POLY","HP5","G7","CV",35,23.78,7.54,3.3,45.09,29.21,11.81,12.28,0,"0",0.288285714285714,2.72121212121212,"0","0"
"2018_HIGH_POLY_HP5W69_IR","2018_HIGH_POLY_HP5W69_IR","Lab18",2018,NA,"HIGH","POLY","HP5","W69","IR",45.44,29.69,18.87,10.35,45.16,24.4,18.43,12.73,0,"0",-0.00616197183098594,0.229951690821256,"0","0"
"2018_HIGH_POLY_HP5Y1_IR","2018_HIGH_POLY_HP5Y1_IR","Lab18",2018,NA,"HIGH","POLY","HP5","Y1","IR",31.85,17.73,12.46,3.03,36.92,18.57,14.83,5.29,0,"0",0.159183673469388,0.745874587458746,"0","0"
"2018_HIGH_POLY_HP5Y27_IR","2018_HIGH_POLY_HP5Y27_IR","Lab18",2018,NA,"HIGH","POLY","HP5","Y27","IR",30.48,20.27,11.3,3.05,31.6,19.94,12.68,4.94,0,"0",0.036745406824147,0.619672131147541,"0","0"
"2018_HIGH_POLY_HP5Y38_IR","2018_HIGH_POLY_HP5Y38_IR","Lab18",2018,NA,"HIGH","POLY","HP5","Y38","IR",30.07,19.32,11.2,3.09,31.4,18.45,11.44,4.3,0,"0",0.0442301296973727,0.391585760517799,"0","0"
"2018_HIGH_POLY_HP5Y44_IR","2018_HIGH_POLY_HP5Y44_IR","Lab18",2018,NA,"HIGH","POLY","HP5","Y44","IR",34.66,21.51,14.27,4.94,34.36,19.85,14.88,5.75,0,"0",-0.00865551067512975,0.163967611336032,"0","0"
"2018_LOW_MONO_LM1O13_CV","2018_LOW_MONO_LM1O13_CV","Lab18",2018,NA,"LOW","MONO","LM1","O13","CV",26.06,20.38,9.81,2.08,NA,NA,NA,NA,0,"0",NA,NA,"0","0"
"2018_LOW_MONO_LM1O33_CV","2018_LOW_MONO_LM1O33_CV","Lab18",2018,NA,"LOW","MONO","LM1","O33","CV",35.38,24.67,11.5,3.22,57.85,36,11.85,16.17,0,"0",0.635104578858112,4.02173913043478,"0","0"
"2018_LOW_MONO_LM1O51_CV","2018_LOW_MONO_LM1O51_CV","Lab18",2018,NA,"LOW","MONO","LM1","O51","CV",46.92,30.49,14.71,8.81,46.07,33.07,12.91,16.26,0,"0",-0.0181159420289855,0.845629965947787,"0","0"
"2018_LOW_MONO_LM1Y12_CV","2018_LOW_MONO_LM1Y12_CV","Lab18",2018,NA,"LOW","MONO","LM1","Y12","CV",25.23,18.35,10.7,2.02,41.33,27.38,10.61,8.48,0,"0",0.638129211256441,3.1980198019802,"0","0"
"2018_LOW_MONO_LM1Y14_CV","2018_LOW_MONO_LM1Y14_CV","Lab18",2018,NA,"LOW","MONO","LM1","Y14","CV",28.86,22.01,12.85,2.83,38.93,29.53,10.47,9.884,0,"0",0.348925848925849,2.49257950530035,"0","0"
"2018_LOW_MONO_LM2O28_CV","2018_LOW_MONO_LM2O28_CV","Lab18",2018,NA,"LOW","MONO","LM2","O28","CV",34.63,23.62,11.15,3.64,39.72,27.85,12.6,11.05,0,"0",0.146982385215131,2.03571428571429,"0","0"
"2018_LOW_MONO_LM2O48_CV","2018_LOW_MONO_LM2O48_CV","Lab18",2018,NA,"LOW","MONO","LM2","O48","CV",33.84,30.46,30.37,5.88,40.98,33.7,13.08,12.14,0,"0",0.210992907801418,1.06462585034014,"0","0"
"2018_LOW_MONO_LM2O7_CV","2018_LOW_MONO_LM2O7_CV","Lab18",2018,NA,"LOW","MONO","LM2","O7","CV",28.71,19.92,7.18,2.52,37.15,24.61,9.22,7.91,0,"0",0.293974225008708,2.13888888888889,"0","0"
"2018_LOW_MONO_LM2O79_CV","2018_LOW_MONO_LM2O79_CV","Lab18",2018,NA,"LOW","MONO","LM2","O79","CV",44.47,26.62,13.62,6.39,41.25,28.99,11.6,10.68,0,"0",-0.0724083651900157,0.671361502347418,"0","0"
"2018_LOW_MONO_LM2O89_CV","2018_LOW_MONO_LM2O89_CV","Lab18",2018,NA,"LOW","MONO","LM2","O89","CV",28.61,22.91,9.24,2.8,40.66,30.55,10.9,9.9,0,"0",0.421181405103111,2.53571428571429,"0","0"
"2018_LOW_MONO_LM430G_CV","2018_LOW_MONO_LM430G_CV","Lab18",2018,NA,"LOW","MONO","LM4","30G","CV",NA,NA,NA,NA,39.71,27.96,10.61,9.29,0,"0",NA,NA,"0","0"
"2018_LOW_MONO_LM452O_CV","2018_LOW_MONO_LM452O_CV","Lab18",2018,NA,"LOW","MONO","LM4","52O","CV",NA,NA,NA,NA,52.15,38.28,15.56,17.64,0,"0",NA,NA,"0","0"
"2018_LOW_MONO_LM472Y_CV","2018_LOW_MONO_LM472Y_CV","Lab18",2018,NA,"LOW","MONO","LM4","72Y","CV",NA,NA,NA,NA,46.94,32.66,13.56,17.88,0,"0",NA,NA,"0","0"
"2018_LOW_MONO_LM47Y_CV","2018_LOW_MONO_LM47Y_CV","Lab18",2018,NA,"LOW","MONO","LM4","7Y","CV",NA,NA,NA,NA,55.77,34.08,13.74,17.03,0,"0",NA,NA,"0","0"
"2018_LOW_MONO_LM481G_CV","2018_LOW_MONO_LM481G_CV","Lab18",2018,NA,"LOW","MONO","LM4","81G","CV",NA,NA,NA,NA,36.46,26.52,11.42,8.13,0,"0",NA,NA,"0","0"
"2018_LOW_POLY_LP11_MM","2018_LOW_POLY_LP11_MM","Lab18",2018,NA,"LOW","POLY","LP1","1","AM",NA,NA,NA,NA,NA,NA,NA,NA,5,"0",NA,NA,"4","1"
"2018_LOW_POLY_LP1O24_CV","2018_LOW_POLY_LP1O24_CV","Lab18",2018,NA,"LOW","POLY","LP1","O24","CV",36.18,31.22,7.92,5.98,48.28,30.74,12.96,15.13,0,"0",0.334438916528469,1.53010033444816,"0","0"
"2018_LOW_POLY_LP1O61_CV","2018_LOW_POLY_LP1O61_CV","Lab18",2018,NA,"LOW","POLY","LP1","O61","CV",39.82,24.1,6.91,4.27,37.3,26.82,10.05,7.1,0,"0",-0.0632847815168258,0.662763466042155,"0","0"
"2018_LOW_POLY_LP1O77_CV","2018_LOW_POLY_LP1O77_CV","Lab18",2018,NA,"LOW","POLY","LP1","O77","CV",37.93,29,7.67,4.95,48.08,30.19,12.78,16.78,0,"0",0.267598207223833,2.38989898989899,"0","0"
"2018_LOW_POLY_LP1O85_CV","2018_LOW_POLY_LP1O85_CV","Lab18",2018,NA,"LOW","POLY","LP1","O85","CV",30.59,24.19,8.05,3.91,35.85,28.98,12.14,8.08,0,"0",0.171951618175875,1.06649616368286,"0","0"
"2018_LOW_POLY_LP1W16_IR","2018_LOW_POLY_LP1W16_IR","Lab18",2018,NA,"LOW","POLY","LP1","W16","IR",42.06,24.51,16.35,7.47,42.74,23.37,16.36,9.09,0,"0",0.0161673799334284,0.216867469879518,"0","0"
"2018_LOW_POLY_LP1W38_IR","2018_LOW_POLY_LP1W38_IR","Lab18",2018,NA,"LOW","POLY","LP1","W38","IR",40.66,23.3,16.65,7.9,43.3,24.4,15.1,8.83,0,"0",0.0649286768322676,0.117721518987342,"0","0"
"2018_LOW_POLY_LP1W6_IR","2018_LOW_POLY_LP1W6_IR","Lab18",2018,NA,"LOW","POLY","LP1","W6","IR",50.5,28.95,21.56,14.66,NA,NA,NA,NA,0,"0",NA,NA,"0","0"
"2018_LOW_POLY_LP1W97_IR","2018_LOW_POLY_LP1W97_IR","Lab18",2018,NA,"LOW","POLY","LP1","W97","IR",41.23,24.53,14.96,6.67,43.5,25,16.1,10.61,0,"0",0.0550569973320399,0.590704647676162,"0","0"
"2018_LOW_POLY_LP1Y12_IR","2018_LOW_POLY_LP1Y12_IR","Lab18",2018,NA,"LOW","POLY","LP1","Y12","IR",35.78,21.62,12.81,4.18,40.4,21.6,13.7,7.1,0,"0",0.129122414756847,0.698564593301435,"0","0"
"2018_LOW_POLY_LP1Y43_CV","2018_LOW_POLY_LP1Y43_CV","Lab18",2018,NA,"LOW","POLY","LP1","Y43","CV",29.53,22.37,5.112,2.31,41.3,25.29,10.13,8.89,0.5,"0",0.398577717575347,2.84848484848485,"1","1"
"2018_LOW_POLY_LP51_MB","2018_LOW_POLY_LP51_MB","Lab18",2018,NA,"LOW","POLY","LP5","1","LP",NA,NA,NA,NA,19.15,15.34,5.37,0.68,4,"0",NA,NA,"4","1"
"2018_LOW_POLY_LP52_MB","2018_LOW_POLY_LP52_MB","Lab18",2018,NA,"LOW","POLY","LP5","2","LP",NA,NA,NA,NA,15.07,11.1,5.68,0.48,3,"0",NA,NA,"3","1"
"2018_LOW_POLY_LP53_MM","2018_LOW_POLY_LP53_MM","Lab18",2018,NA,"LOW","POLY","LP5","3","AM",NA,NA,NA,NA,12.53,8.68,4.2,0.27,0,"0",NA,NA,"0","0"
"2018_LOW_POLY_LP5G15_CV","2018_LOW_POLY_LP5G15_CV","Lab18",2018,NA,"LOW","POLY","LP5","G15","CV",34.27,25.92,8.17,3.64,42.03,25.44,8.83,8.78,0,"0",0.226437117011964,1.41208791208791,"0","0"
"2018_LOW_POLY_LP5G9_CV","2018_LOW_POLY_LP5G9_CV","Lab18",2018,NA,"LOW","POLY","LP5","G9","CV",37.55,21.94,8.17,3.87,48.33,30.58,12.13,12.8,0.5,"0",0.287083888149135,2.30749354005168,"1","1"
"2018_LOW_POLY_LP5O45_CV","2018_LOW_POLY_LP5O45_CV","Lab18",2018,NA,"LOW","POLY","LP5","O45","CV",36.93,34.14,9.98,6.91,43.32,29.06,11.8,10.88,0.5,"0",0.173030056864338,0.574529667149059,"1","1"
"2018_LOW_POLY_LP5O51_CV","2018_LOW_POLY_LP5O51_CV","Lab18",2018,NA,"LOW","POLY","LP5","O51","CV",41.67,30.79,9.77,8.84,48.25,32.51,13.82,17.11,1,"0",0.157907367410607,0.93552036199095,"1","1"
"2018_LOW_POLY_LP5O78_CV","2018_LOW_POLY_LP5O78_CV","Lab18",2018,NA,"LOW","POLY","LP5","O78","CV",NA,NA,NA,NA,47.2,25.58,10.15,10.21,0.5,"0",NA,NA,"1","1"
"2018_LOW_POLY_LP5O83_CV","2018_LOW_POLY_LP5O83_CV","Lab18",2018,NA,"LOW","POLY","LP5","O83","CV",42.92,27.57,8.42,6.11,42.68,26.23,9.81,9.84,0,"0",-0.00559179869524702,0.610474631751227,"0","0"
"2018_LOW_POLY_LP5W11_IR","2018_LOW_POLY_LP5W11_IR","Lab18",2018,NA,"LOW","POLY","LP5","W11","IR",35.2,21.49,13.63,4.02,34.51,13.8,13.12,5.41,0,"0",-0.0196022727272729,0.345771144278607,"0","0"
"2018_LOW_POLY_LP5W25_IR","2018_LOW_POLY_LP5W25_IR","Lab18",2018,NA,"LOW","POLY","LP5","W25","IR",45.14,23.77,16.95,8.71,45.93,22.59,17.92,10.99,0,"0",0.0175011076650421,0.261768082663605,"0","0"
"2018_LOW_POLY_LP5W41_IR","2018_LOW_POLY_LP5W41_IR","Lab18",2018,NA,"LOW","POLY","LP5","W41","IR",40.78,21.61,13.16,5.52,40.41,20.9,14.27,7.03,0,"0",-0.00907307503678285,0.273550724637681,"0","0"
"2018_LOW_POLY_LP5W48_IR","2018_LOW_POLY_LP5W48_IR","Lab18",2018,NA,"LOW","POLY","LP5","W48","IR",50.87,25.72,25.64,11.49,50.47,23.8,18.84,14.33,0,"0",-0.00786318065657556,0.247171453437772,"0","0"
"2018_LOW_POLY_LP5W5_IR","2018_LOW_POLY_LP5W5_IR","Lab18",2018,NA,"LOW","POLY","LP5","W5","IR",47.35,24.54,16.22,8.59,NA,NA,NA,NA,0,"0",NA,NA,"0","0"
"2018_LOW_POLY_LP5Y92_CV","2018_LOW_POLY_LP5Y92_CV","Lab18",2018,NA,"LOW","POLY","LP5","Y92","CV",35.79,21.41,7.31,3.3,35.44,23.4,9.05,7.48,0,"0",-0.00977926795194192,1.26666666666667,"0","0"
"2018_LOW_POLY_LP71_MB","2018_LOW_POLY_LP71_MB","Lab18",2018,NA,"LOW","POLY","LP7","1","LP",NA,NA,NA,NA,15.52,11.4,5.73,0.47,5,"0",NA,NA,"4","1"
"2018_LOW_POLY_LP72_MB","2018_LOW_POLY_LP72_MB","Lab18",2018,NA,"LOW","POLY","LP7","2","LP",NA,NA,NA,NA,13.18,10.49,5.54,0.34,2,"0",NA,NA,"2","1"
"2018_LOW_POLY_LP73_MB","2018_LOW_POLY_LP73_MB","Lab18",2018,NA,"LOW","POLY","LP7","3","LP",NA,NA,NA,NA,NA,NA,NA,NA,2,"0",NA,NA,"2","1"
"2018_LOW_POLY_LP74_MM","2018_LOW_POLY_LP74_MM","Lab18",2018,NA,"LOW","POLY","LP7","4","AM",NA,NA,NA,NA,16.28,10.16,4.88,0.44,3,"0",NA,NA,"3","1"
"2018_LOW_POLY_LP75_MM","2018_LOW_POLY_LP75_MM","Lab18",2018,NA,"LOW","POLY","LP7","5","AM",NA,NA,NA,NA,NA,NA,NA,NA,0,"0",NA,NA,"0","0"
"2018_LOW_POLY_LP7O11_CV","2018_LOW_POLY_LP7O11_CV","Lab18",2018,NA,"LOW","POLY","LP7","O11","CV",50.8,27.4,11.26,8.12,35.79,28.25,11.36,7.85,0,"0",-0.295472440944882,-0.0332512315270935,"0","0"
"2018_LOW_POLY_LP7O23_CV","2018_LOW_POLY_LP7O23_CV","Lab18",2018,NA,"LOW","POLY","LP7","O23","CV",40.69,27.45,6.81,5.53,30.21,33.73,12.48,10.51,0,"0",-0.257557139346277,0.900542495479204,"0","0"
"2018_LOW_POLY_LP7Y16_IR","2018_LOW_POLY_LP7Y16_IR","Lab18",2018,NA,"LOW","POLY","LP7","Y16","IR",35.81,18.98,14.55,4.07,40.09,20.99,16.9,6.36,0,"0",0.119519687238202,0.562653562653563,"0","0"
"2018_LOW_POLY_LP7Y17_IR","2018_LOW_POLY_LP7Y17_IR","Lab18",2018,NA,"LOW","POLY","LP7","Y17","IR",29.53,18.38,11.29,2.85,36.81,23.17,14.5,5.95,0,"0",0.246528953606502,1.08771929824561,"0","0"
"2018_LOW_POLY_LP7Y74_IR","2018_LOW_POLY_LP7Y74_IR","Lab18",2018,NA,"LOW","POLY","LP7","Y74","IR",28.56,17.68,11.94,2.57,34.63,20.05,14.84,5.27,0,"0",0.212535014005602,1.05058365758755,"0","0"
"2018_LOW_POLY_LP7Y8_CV","2018_LOW_POLY_LP7Y8_CV","Lab18",2018,NA,"LOW","POLY","LP7","Y8","CV",NA,NA,NA,NA,39.33,28.9,10.79,7.41,0.5,"0",NA,NA,"1","1"
"2018_LOW_POLY_LP7Y88_IR","2018_LOW_POLY_LP7Y88_IR","Lab18",2018,NA,"LOW","POLY","LP7","Y88","IR",NA,NA,NA,NA,31.36,17.72,11.61,3.34,0,"0",NA,NA,"0","0"
"2018_LOW_POLY_LP7Y94_IR","2018_LOW_POLY_LP7Y94_IR","Lab18",2018,NA,"LOW","POLY","LP7","Y94","IR",NA,NA,NA,NA,32.76,18.44,14.03,4.57,0,"0",NA,NA,"0","0"
